,scores,cavity
622,11.862000465393066,1
623,11.862000465393066,1
624,11.862000465393066,1
639,11.862000465393066,1
640,11.862000465393066,1
641,11.862000465393066,1
656,11.862000465393066,1
657,11.862000465393066,1
658,11.862000465393066,1
894,11.862000465393066,1
895,11.862000465393066,1
896,11.862000465393066,1
910,11.121000289916992,1
911,11.862000465393066,1
912,11.862000465393066,1
913,11.862000465393066,1
927,11.121000289916992,1
928,11.862000465393066,1
929,11.862000465393066,1
930,11.862000465393066,1
944,11.121000289916992,1
945,11.121000289916992,1
946,11.121000289916992,1
982,36.33599853515625,1
983,18.167999267578125,1
999,37.895999908447266,1
1000,18.947999954223633,1
1016,37.895999908447266,1
1017,18.947999954223633,1
1033,37.895999908447266,1
1034,18.947999954223633,1
1166,11.862000465393066,1
1167,11.862000465393066,1
1168,11.862000465393066,1
1169,11.432999610900879,1
1181,11.527999877929688,1
1182,12.663000106811523,1
1183,12.663000106811523,1
1184,12.663000106811523,1
1185,11.862000465393066,1
1198,11.527999877929688,1
1199,12.663000106811523,1
1200,12.663000106811523,1
1201,12.663000106811523,1
1202,11.862000465393066,1
1215,11.527999877929688,1
1216,12.663000106811523,1
1217,12.663000106811523,1
1218,12.663000106811523,1
1254,36.33599853515625,1
1255,18.167999267578125,1
1271,37.895999908447266,1
1272,18.947999954223633,1
1288,37.895999908447266,1
1289,18.947999954223633,1
1305,37.895999908447266,1
1306,18.947999954223633,1
1422,12.107000350952148,1
1423,12.107000350952148,1
1424,12.107000350952148,1
1438,13.348999977111816,1
1439,13.348999977111816,1
1440,13.348999977111816,1
1441,13.204000473022461,1
1453,11.527999877929688,1
1454,12.663000106811523,1
1455,13.348999977111816,1
1456,13.348999977111816,1
1457,13.348999977111816,1
1458,13.204000473022461,1
1470,11.527999877929688,1
1471,12.663000106811523,1
1472,13.348999977111816,1
1473,13.348999977111816,1
1474,13.348999977111816,1
1475,13.204000473022461,1
1487,11.527999877929688,1
1488,12.663000106811523,1
1489,12.663000106811523,1
1490,12.663000106811523,1
1526,36.33599853515625,1
1527,18.167999267578125,1
1543,37.895999908447266,1
1544,18.947999954223633,1
1560,37.895999908447266,1
1561,18.947999954223633,1
1577,37.895999908447266,1
1578,18.947999954223633,1
1694,13.593999862670898,1
1695,13.593999862670898,1
1696,13.593999862670898,1
1710,13.348999977111816,1
1711,13.593999862670898,1
1712,13.593999862670898,1
1713,13.593999862670898,1
1725,11.527999877929688,1
1726,12.663000106811523,1
1727,13.348999977111816,1
1728,13.593999862670898,1
1729,13.593999862670898,1
1730,13.593999862670898,1
1742,11.527999877929688,1
1743,12.663000106811523,1
1744,13.348999977111816,1
1745,13.348999977111816,1
1746,13.348999977111816,1
1747,13.204000473022461,1
1759,12.23900032043457,1
1760,12.663000106811523,1
1761,12.663000106811523,1
1762,12.663000106811523,1
1776,12.472999572753906,1
1777,12.472999572753906,1
1778,12.472999572753906,1
1792,10.892000198364258,1
1793,12.472999572753906,1
1794,12.472999572753906,1
1795,12.472999572753906,1
1809,10.892000198364258,1
1810,12.472999572753906,1
1811,12.472999572753906,1
1812,12.472999572753906,1
1826,10.892000198364258,1
1827,10.892000198364258,1
1828,10.892000198364258,1
1949,11.017999649047852,1
1950,11.017999649047852,1
1951,11.017999649047852,1
1966,13.593999862670898,1
1967,13.593999862670898,1
1968,13.593999862670898,1
1982,13.348999977111816,1
1983,13.593999862670898,1
1984,13.593999862670898,1
1985,13.593999862670898,1
1998,12.13700008392334,1
1999,13.348999977111816,1
2000,13.593999862670898,1
2001,13.593999862670898,1
2002,13.593999862670898,1
2015,12.13700008392334,1
2016,13.348999977111816,1
2017,13.348999977111816,1
2018,13.348999977111816,1
2019,13.204000473022461,1
2031,12.23900032043457,1
2032,12.23900032043457,1
2033,12.23900032043457,1
2034,12.13700008392334,1
2048,12.472999572753906,1
2049,12.472999572753906,1
2050,12.472999572753906,1
2063,11.649999618530273,1
2064,11.649999618530273,1
2065,12.472999572753906,1
2066,12.472999572753906,1
2067,12.472999572753906,1
2079,13.331000328063965,1
2080,13.331000328063965,1
2081,13.331000328063965,1
2082,13.27400016784668,1
2083,12.472999572753906,1
2084,12.472999572753906,1
2096,13.331000328063965,1
2097,13.331000328063965,1
2098,13.331000328063965,1
2099,13.27400016784668,1
2100,10.892000198364258,1
2113,13.331000328063965,1
2114,13.331000328063965,1
2115,13.331000328063965,1
2116,13.27400016784668,1
2221,11.017999649047852,1
2222,11.017999649047852,1
2223,11.017999649047852,1
2238,13.593999862670898,1
2239,13.593999862670898,1
2240,13.593999862670898,1
2254,11.71399974822998,1
2255,13.593999862670898,1
2256,13.593999862670898,1
2257,13.593999862670898,1
2272,13.593999862670898,1
2273,13.593999862670898,1
2274,13.593999862670898,1
2303,12.23900032043457,1
2304,12.23900032043457,1
2305,12.23900032043457,1
2320,12.472999572753906,1
2321,12.472999572753906,1
2322,12.472999572753906,1
2335,11.649999618530273,1
2336,11.649999618530273,1
2337,12.472999572753906,1
2338,12.472999572753906,1
2339,12.472999572753906,1
2351,14.074000358581543,1
2352,14.074000358581543,1
2353,14.074000358581543,1
2354,13.593999862670898,1
2355,12.472999572753906,1
2356,12.472999572753906,1
2366,14.720000267028809,1
2367,14.720000267028809,1
2368,14.720000267028809,1
2369,14.074000358581543,1
2370,14.074000358581543,1
2371,13.593999862670898,1
2372,10.892000198364258,1
2383,14.720000267028809,1
2384,14.720000267028809,1
2385,14.720000267028809,1
2386,14.074000358581543,1
2387,14.074000358581543,1
2388,13.593999862670898,1
2400,14.720000267028809,1
2401,14.720000267028809,1
2402,14.720000267028809,1
2403,12.956999778747559,1
2404,12.956999778747559,1
2493,11.017999649047852,1
2494,11.017999649047852,1
2495,11.017999649047852,1
2512,11.017999649047852,1
2529,11.017999649047852,1
2607,11.649999618530273,1
2608,11.649999618530273,1
2609,11.649999618530273,1
2620,16.020999908447266,1
2621,16.020999908447266,1
2622,16.020999908447266,1
2623,14.550000190734863,1
2624,14.074000358581543,1
2625,14.074000358581543,1
2626,13.593999862670898,1
2637,16.020999908447266,1
2638,16.020999908447266,1
2639,16.020999908447266,1
2640,14.720000267028809,1
2641,14.074000358581543,1
2642,14.074000358581543,1
2643,13.593999862670898,1
2654,16.020999908447266,1
2655,16.020999908447266,1
2656,16.020999908447266,1
2657,14.720000267028809,1
2658,14.074000358581543,1
2659,14.074000358581543,1
2660,13.593999862670898,1
2672,14.720000267028809,1
2673,14.720000267028809,1
2674,14.720000267028809,1
2675,12.956999778747559,1
2676,12.956999778747559,1
2877,11.52400016784668,1
2878,11.52400016784668,1
2879,11.52400016784668,1
2892,16.020999908447266,1
2893,16.020999908447266,1
2894,16.020999908447266,1
2895,14.550000190734863,1
2896,14.074000358581543,1
2897,14.074000358581543,1
2898,13.593999862670898,1
2909,16.020999908447266,1
2910,16.020999908447266,1
2911,16.020999908447266,1
2912,14.720000267028809,1
2913,14.074000358581543,1
2914,14.074000358581543,1
2915,13.593999862670898,1
2926,16.020999908447266,1
2927,16.020999908447266,1
2928,16.020999908447266,1
2929,14.720000267028809,1
2930,14.074000358581543,1
2931,14.074000358581543,1
2932,13.593999862670898,1
2944,14.720000267028809,1
2945,14.720000267028809,1
2946,14.720000267028809,1
2947,12.956999778747559,1
2948,12.956999778747559,1
3149,11.52400016784668,1
3150,11.52400016784668,1
3151,11.52400016784668,1
3164,16.020999908447266,1
3165,16.020999908447266,1
3166,16.020999908447266,1
3167,14.550000190734863,1
3168,11.52400016784668,1
3181,16.020999908447266,1
3182,16.020999908447266,1
3183,16.020999908447266,1
3184,14.550000190734863,1
3185,11.52400016784668,1
3198,16.020999908447266,1
3199,16.020999908447266,1
3200,16.020999908447266,1
3201,14.550000190734863,1
3421,11.52400016784668,1
3422,11.52400016784668,1
3423,11.52400016784668,1
3438,11.52400016784668,1
3439,11.52400016784668,1
3440,11.52400016784668,1
3455,11.52400016784668,1
3456,11.52400016784668,1
3457,11.52400016784668,1
6663,11.083000183105469,1
6664,11.083000183105469,1
6665,11.083000183105469,1
6694,13.277999877929688,1
6695,13.277999877929688,1
6696,13.277999877929688,1
6697,11.083000183105469,1
6726,13.277999877929688,1
6727,13.277999877929688,1
6728,13.277999877929688,1
6729,11.083000183105469,1
6758,13.277999877929688,1
6759,13.277999877929688,1
6760,13.277999877929688,1
7621,11.649999618530273,1
7622,11.649999618530273,1
7623,11.649999618530273,1
7653,13.560999870300293,1
7654,13.560999870300293,1
7655,13.560999870300293,1
7656,12.78600025177002,1
7657,11.083000183105469,1
7685,13.560999870300293,1
7686,13.560999870300293,1
7687,13.560999870300293,1
7688,13.277999877929688,1
7689,11.083000183105469,1
7717,13.560999870300293,1
7718,13.560999870300293,1
7719,13.560999870300293,1
7720,13.277999877929688,1
7721,11.083000183105469,1
7749,12.267000198364258,1
7750,13.277999877929688,1
7751,13.277999877929688,1
7752,13.277999877929688,1
7753,11.319999694824219,1
7781,12.267000198364258,1
7782,13.085000038146973,1
7783,13.085000038146973,1
7784,13.085000038146973,1
7785,11.319999694824219,1
7815,11.319999694824219,1
7816,11.319999694824219,1
7817,11.319999694824219,1
8550,10.895000457763672,1
8551,10.895000457763672,1
8552,10.895000457763672,1
8581,11.505999565124512,1
8582,12.713000297546387,1
8583,12.713000297546387,1
8584,12.713000297546387,1
8613,13.423999786376953,1
8614,13.423999786376953,1
8615,13.423999786376953,1
8616,12.713000297546387,1
8645,14.215999603271484,1
8646,14.215999603271484,1
8647,14.215999603271484,1
8648,13.230999946594238,1
8649,11.52400016784668,1
8677,14.215999603271484,1
8678,14.215999603271484,1
8679,14.215999603271484,1
8680,13.277999877929688,1
8681,12.814000129699707,1
8709,14.215999603271484,1
8710,14.215999603271484,1
8711,14.215999603271484,1
8712,14.215999603271484,1
8713,13.008000373840332,1
8714,11.218999862670898,1
8741,14.1850004196167,1
8742,14.215999603271484,1
8743,14.215999603271484,1
8744,14.215999603271484,1
8745,13.008000373840332,1
8746,11.218999862670898,1
8773,13.890999794006348,1
8774,14.215999603271484,1
8775,14.215999603271484,1
8776,14.215999603271484,1
8777,13.008000373840332,1
8778,11.218999862670898,1
8806,12.590999603271484,1
8807,12.590999603271484,1
8808,12.590999603271484,1
8809,11.901000022888184,1
9544,11.994999885559082,1
9574,13.08899974822998,1
9575,13.08899974822998,1
9576,13.08899974822998,1
9605,13.423999786376953,1
9606,13.423999786376953,1
9607,13.423999786376953,1
9608,13.215999603271484,1
9636,11.128000259399414,1
9637,14.215999603271484,1
9638,14.215999603271484,1
9639,14.215999603271484,1
9640,13.230999946594238,1
9641,11.52400016784668,1
9668,11.128000259399414,1
9669,14.215999603271484,1
9670,14.215999603271484,1
9671,14.215999603271484,1
9672,13.277999877929688,1
9673,12.814000129699707,1
9700,11.128000259399414,1
9701,14.215999603271484,1
9702,14.215999603271484,1
9703,14.215999603271484,1
9704,14.215999603271484,1
9705,13.008000373840332,1
9706,11.218999862670898,1
9733,14.1850004196167,1
9734,14.215999603271484,1
9735,14.215999603271484,1
9736,14.215999603271484,1
9737,13.008000373840332,1
9738,11.218999862670898,1
9765,13.890999794006348,1
9766,14.215999603271484,1
9767,14.215999603271484,1
9768,14.215999603271484,1
9769,13.008000373840332,1
9770,11.218999862670898,1
9798,12.590999603271484,1
9799,12.911999702453613,1
9800,12.911999702453613,1
9801,12.911999702453613,1
9831,11.902000427246094,1
9832,11.902000427246094,1
9833,11.902000427246094,1
10437,11.397000312805176,1
10438,11.397000312805176,1
10439,11.397000312805176,1
10469,11.994999885559082,1
10470,11.994999885559082,1
10471,11.994999885559082,1
10501,13.08899974822998,1
10502,13.08899974822998,1
10503,13.08899974822998,1
10533,13.215999603271484,1
10534,13.215999603271484,1
10535,13.215999603271484,1
10536,11.994999885559082,1
10565,13.215999603271484,1
10566,13.215999603271484,1
10567,13.215999603271484,1
10568,13.08899974822998,1
10596,11.331999778747559,1
10597,13.423999786376953,1
10598,13.423999786376953,1
10599,13.423999786376953,1
10600,13.215999603271484,1
10628,11.720000267028809,1
10629,14.215999603271484,1
10630,14.215999603271484,1
10631,14.215999603271484,1
10632,13.230999946594238,1
10633,11.52400016784668,1
10660,11.720000267028809,1
10661,14.215999603271484,1
10662,14.215999603271484,1
10663,14.215999603271484,1
10664,13.560999870300293,1
10665,12.814000129699707,1
10692,11.720000267028809,1
10693,14.215999603271484,1
10694,14.215999603271484,1
10695,14.215999603271484,1
10696,14.215999603271484,1
10697,13.008000373840332,1
10698,11.218999862670898,1
10725,14.1850004196167,1
10726,14.215999603271484,1
10727,14.215999603271484,1
10728,14.215999603271484,1
10729,13.423999786376953,1
10730,11.24899959564209,1
10757,13.890999794006348,1
10758,14.215999603271484,1
10759,14.215999603271484,1
10760,14.215999603271484,1
10761,13.560999870300293,1
10762,11.24899959564209,1
10790,12.590999603271484,1
10791,13.560999870300293,1
10792,13.560999870300293,1
10793,13.560999870300293,1
10794,11.24899959564209,1
10822,11.569000244140625,1
10823,13.560999870300293,1
10824,13.560999870300293,1
10825,13.560999870300293,1
10855,11.430999755859375,1
10856,11.430999755859375,1
10857,11.430999755859375,1
11429,11.397000312805176,1
11430,11.397000312805176,1
11431,11.397000312805176,1
11461,11.994999885559082,1
11462,11.994999885559082,1
11463,11.994999885559082,1
11493,13.08899974822998,1
11494,13.08899974822998,1
11495,13.08899974822998,1
11525,13.215999603271484,1
11526,13.215999603271484,1
11527,13.215999603271484,1
11528,11.994999885559082,1
11557,14.215999603271484,1
11558,14.215999603271484,1
11559,14.215999603271484,1
11560,13.08899974822998,1
11588,11.607999801635742,1
11589,14.215999603271484,1
11590,14.215999603271484,1
11591,14.215999603271484,1
11592,13.215999603271484,1
11620,11.720000267028809,1
11621,14.215999603271484,1
11622,14.215999603271484,1
11623,14.215999603271484,1
11624,13.215999603271484,1
11625,11.430999755859375,1
11652,11.720000267028809,1
11653,13.277999877929688,1
11654,14.1850004196167,1
11655,14.1850004196167,1
11656,14.1850004196167,1
11657,13.230999946594238,1
11684,11.720000267028809,1
11685,13.204000473022461,1
11686,14.1850004196167,1
11687,14.1850004196167,1
11688,14.1850004196167,1
11689,13.230999946594238,1
11690,11.24899959564209,1
11717,13.204000473022461,1
11718,14.1850004196167,1
11719,14.215999603271484,1
11720,14.215999603271484,1
11721,14.215999603271484,1
11722,13.008000373840332,1
11723,11.626999855041504,1
11749,12.458000183105469,1
11750,13.890999794006348,1
11751,14.215999603271484,1
11752,14.215999603271484,1
11753,14.215999603271484,1
11754,13.230999946594238,1
11755,11.626999855041504,1
11782,11.572999954223633,1
11783,14.215999603271484,1
11784,14.215999603271484,1
11785,14.215999603271484,1
11786,13.230999946594238,1
11787,11.626999855041504,1
11814,11.569000244140625,1
11815,13.560999870300293,1
11816,13.560999870300293,1
11817,13.560999870300293,1
11818,13.230999946594238,1
11819,10.961000442504883,1
11847,11.430999755859375,1
11848,12.0600004196167,1
11849,12.0600004196167,1
11850,12.0600004196167,1
12421,11.397000312805176,1
12422,11.397000312805176,1
12423,11.397000312805176,1
12453,13.08899974822998,1
12454,13.08899974822998,1
12455,13.08899974822998,1
12456,11.484999656677246,1
12485,13.215999603271484,1
12486,13.215999603271484,1
12487,13.215999603271484,1
12488,11.484999656677246,1
12517,13.451000213623047,1
12518,13.451000213623047,1
12519,13.451000213623047,1
12520,11.484999656677246,1
12549,14.215999603271484,1
12550,14.215999603271484,1
12551,14.215999603271484,1
12552,12.713000297546387,1
12580,11.607999801635742,1
12581,14.215999603271484,1
12582,14.215999603271484,1
12583,14.215999603271484,1
12584,13.085000038146973,1
12612,11.720000267028809,1
12613,14.215999603271484,1
12614,14.215999603271484,1
12615,14.215999603271484,1
12616,13.560999870300293,1
12617,11.430999755859375,1
12644,11.720000267028809,1
12645,13.277999877929688,1
12646,14.1850004196167,1
12647,14.1850004196167,1
12648,14.1850004196167,1
12649,13.451000213623047,1
12650,11.371000289916992,1
12676,11.720000267028809,1
12677,12.232000350952148,1
12678,14.1850004196167,1
12679,14.1850004196167,1
12680,14.1850004196167,1
12681,13.451000213623047,1
12682,11.949000358581543,1
12710,14.1850004196167,1
12711,14.215999603271484,1
12712,14.215999603271484,1
12713,14.215999603271484,1
12714,13.008000373840332,1
12715,12.930999755859375,1
12742,13.890999794006348,1
12743,14.215999603271484,1
12744,14.215999603271484,1
12745,14.215999603271484,1
12746,13.230999946594238,1
12747,12.930999755859375,1
12774,11.892999649047852,1
12775,14.215999603271484,1
12776,14.215999603271484,1
12777,14.215999603271484,1
12778,13.230999946594238,1
12779,12.930999755859375,1
12806,11.892999649047852,1
12807,13.890999794006348,1
12808,13.890999794006348,1
12809,13.890999794006348,1
12810,13.230999946594238,1
12811,11.331999778747559,1
12839,11.434000015258789,1
12840,12.333000183105469,1
12841,12.333000183105469,1
12842,12.333000183105469,1
12843,11.128000259399414,1
13413,11.501999855041504,1
13414,11.501999855041504,1
13415,11.501999855041504,1
13445,13.08899974822998,1
13446,13.08899974822998,1
13447,13.08899974822998,1
13448,11.484999656677246,1
13477,13.215999603271484,1
13478,13.215999603271484,1
13479,13.215999603271484,1
13480,12.288000106811523,1
13509,13.451000213623047,1
13510,13.451000213623047,1
13511,13.451000213623047,1
13512,12.680000305175781,1
13541,14.215999603271484,1
13542,14.215999603271484,1
13543,14.215999603271484,1
13544,12.713000297546387,1
13572,11.607999801635742,1
13573,14.215999603271484,1
13574,14.215999603271484,1
13575,14.215999603271484,1
13576,14.215999603271484,1
13577,11.286999702453613,1
13604,11.607999801635742,1
13605,14.215999603271484,1
13606,14.215999603271484,1
13607,14.215999603271484,1
13608,14.215999603271484,1
13609,13.230999946594238,1
13636,11.607999801635742,1
13637,13.277999877929688,1
13638,14.215999603271484,1
13639,14.215999603271484,1
13640,14.215999603271484,1
13641,13.451000213623047,1
13642,12.043000221252441,1
13669,12.112000465393066,1
13670,14.1850004196167,1
13671,14.215999603271484,1
13672,14.215999603271484,1
13673,14.215999603271484,1
13674,12.043000221252441,1
13702,14.1850004196167,1
13703,14.215999603271484,1
13704,14.215999603271484,1
13705,14.215999603271484,1
13706,13.008000373840332,1
13707,12.930999755859375,1
13734,13.890999794006348,1
13735,14.215999603271484,1
13736,14.215999603271484,1
13737,14.215999603271484,1
13738,13.451000213623047,1
13739,12.930999755859375,1
13740,11.0649995803833,1
13766,12.019000053405762,1
13767,14.215999603271484,1
13768,14.215999603271484,1
13769,14.215999603271484,1
13770,13.560999870300293,1
13771,12.930999755859375,1
13772,11.0649995803833,1
13798,12.019000053405762,1
13799,13.890999794006348,1
13800,13.890999794006348,1
13801,13.890999794006348,1
13802,13.560999870300293,1
13803,12.78499984741211,1
13804,11.0649995803833,1
13831,11.527999877929688,1
13832,13.560999870300293,1
13833,13.560999870300293,1
13834,13.560999870300293,1
13835,12.78499984741211,1
13863,11.192000389099121,1
13864,11.192000389099121,1
13865,11.192000389099121,1
14405,11.501999855041504,1
14406,11.501999855041504,1
14407,11.501999855041504,1
14408,11.010000228881836,1
14437,13.08899974822998,1
14438,13.08899974822998,1
14439,13.08899974822998,1
14440,11.484999656677246,1
14441,11.484999656677246,1
14469,13.215999603271484,1
14470,13.215999603271484,1
14471,13.215999603271484,1
14472,12.288000106811523,1
14473,11.484999656677246,1
14501,13.451000213623047,1
14502,13.451000213623047,1
14503,13.451000213623047,1
14504,12.755000114440918,1
14505,11.484999656677246,1
14533,13.451000213623047,1
14534,13.451000213623047,1
14535,13.451000213623047,1
14536,12.782999992370605,1
14537,11.843000411987305,1
14565,13.451000213623047,1
14566,14.215999603271484,1
14567,14.215999603271484,1
14568,14.215999603271484,1
14569,11.843000411987305,1
14597,13.215999603271484,1
14598,14.215999603271484,1
14599,14.215999603271484,1
14600,14.215999603271484,1
14601,13.230999946594238,1
14629,12.987000465393066,1
14630,14.215999603271484,1
14631,14.215999603271484,1
14632,14.215999603271484,1
14633,13.451000213623047,1
14634,12.805000305175781,1
14661,12.42199993133545,1
14662,13.890999794006348,1
14663,14.215999603271484,1
14664,14.215999603271484,1
14665,14.215999603271484,1
14666,12.805000305175781,1
14694,13.215999603271484,1
14695,14.215999603271484,1
14696,14.215999603271484,1
14697,14.215999603271484,1
14698,13.085000038146973,1
14699,12.930999755859375,1
14726,12.484999656677246,1
14727,14.215999603271484,1
14728,14.215999603271484,1
14729,14.215999603271484,1
14730,14.1850004196167,1
14731,12.930999755859375,1
14732,11.0649995803833,1
14758,12.484999656677246,1
14759,14.1850004196167,1
14760,14.1850004196167,1
14761,14.1850004196167,1
14762,14.1850004196167,1
14763,13.230999946594238,1
14764,11.0649995803833,1
14790,12.484999656677246,1
14791,13.890999794006348,1
14792,14.1850004196167,1
14793,14.1850004196167,1
14794,14.1850004196167,1
14795,13.230999946594238,1
14796,11.0649995803833,1
14822,11.944000244140625,1
14823,11.944000244140625,1
14824,13.890999794006348,1
14825,13.890999794006348,1
14826,13.890999794006348,1
14827,13.230999946594238,1
14855,11.192000389099121,1
14856,11.192000389099121,1
14857,11.192000389099121,1
15397,11.501999855041504,1
15398,11.501999855041504,1
15399,11.501999855041504,1
15400,11.501999855041504,1
15429,12.211000442504883,1
15430,12.211000442504883,1
15431,12.211000442504883,1
15432,11.501999855041504,1
15433,11.484999656677246,1
15461,12.902999877929688,1
15462,12.902999877929688,1
15463,12.902999877929688,1
15464,12.288000106811523,1
15465,11.484999656677246,1
15493,13.269000053405762,1
15494,13.269000053405762,1
15495,13.269000053405762,1
15496,12.755000114440918,1
15497,11.600000381469727,1
15525,13.269000053405762,1
15526,13.269000053405762,1
15527,13.269000053405762,1
15528,12.911999702453613,1
15529,11.843000411987305,1
15530,11.340999603271484,1
15557,13.269000053405762,1
15558,14.215999603271484,1
15559,14.215999603271484,1
15560,14.215999603271484,1
15561,14.1850004196167,1
15562,11.340999603271484,1
15589,13.215999603271484,1
15590,14.215999603271484,1
15591,14.215999603271484,1
15592,14.215999603271484,1
15593,14.1850004196167,1
15594,11.340999603271484,1
15621,12.987000465393066,1
15622,14.215999603271484,1
15623,14.215999603271484,1
15624,14.215999603271484,1
15625,14.1850004196167,1
15626,12.805000305175781,1
15653,12.42199993133545,1
15654,13.890999794006348,1
15655,14.215999603271484,1
15656,14.215999603271484,1
15657,14.215999603271484,1
15658,12.805000305175781,1
15659,11.48799991607666,1
15685,11.208999633789062,1
15686,13.560999870300293,1
15687,14.215999603271484,1
15688,14.215999603271484,1
15689,14.215999603271484,1
15690,14.215999603271484,1
15691,12.78499984741211,1
15718,12.484999656677246,1
15719,14.215999603271484,1
15720,14.215999603271484,1
15721,14.215999603271484,1
15722,14.215999603271484,1
15723,12.814000129699707,1
15724,11.0649995803833,1
15750,12.484999656677246,1
15751,13.560999870300293,1
15752,14.215999603271484,1
15753,14.215999603271484,1
15754,14.215999603271484,1
15755,13.230999946594238,1
15756,11.0649995803833,1
15782,12.484999656677246,1
15783,12.902999877929688,1
15784,14.1850004196167,1
15785,14.1850004196167,1
15786,14.1850004196167,1
15787,13.230999946594238,1
15788,11.0649995803833,1
15814,11.944000244140625,1
15815,11.944000244140625,1
15816,13.890999794006348,1
15817,13.890999794006348,1
15818,13.890999794006348,1
15819,13.230999946594238,1
15847,11.192000389099121,1
15848,11.192000389099121,1
15849,11.192000389099121,1
15850,10.967000007629395,1
16389,10.942000389099121,1
16390,11.501999855041504,1
16391,11.501999855041504,1
16392,11.501999855041504,1
16421,12.211000442504883,1
16422,12.211000442504883,1
16423,12.211000442504883,1
16424,11.501999855041504,1
16425,11.484999656677246,1
16453,12.805000305175781,1
16454,12.805000305175781,1
16455,12.805000305175781,1
16456,12.288000106811523,1
16457,11.484999656677246,1
16485,13.269000053405762,1
16486,13.269000053405762,1
16487,13.269000053405762,1
16488,12.755000114440918,1
16489,12.755000114440918,1
16517,13.269000053405762,1
16518,13.423999786376953,1
16519,13.423999786376953,1
16520,13.423999786376953,1
16521,12.782999992370605,1
16522,11.340999603271484,1
16549,13.269000053405762,1
16550,13.423999786376953,1
16551,14.1850004196167,1
16552,14.1850004196167,1
16553,14.1850004196167,1
16554,11.854000091552734,1
16581,13.215999603271484,1
16582,13.423999786376953,1
16583,14.1850004196167,1
16584,14.1850004196167,1
16585,14.1850004196167,1
16586,11.854000091552734,1
16613,12.484999656677246,1
16614,13.560999870300293,1
16615,14.1850004196167,1
16616,14.1850004196167,1
16617,14.1850004196167,1
16618,12.805000305175781,1
16619,11.881999969482422,1
16645,12.42199993133545,1
16646,13.560999870300293,1
16647,13.890999794006348,1
16648,14.1850004196167,1
16649,14.1850004196167,1
16650,14.1850004196167,1
16651,11.881999969482422,1
16677,11.208999633789062,1
16678,13.560999870300293,1
16679,13.560999870300293,1
16680,14.215999603271484,1
16681,14.215999603271484,1
16682,14.215999603271484,1
16683,12.78499984741211,1
16684,11.0649995803833,1
16710,12.484999656677246,1
16711,13.560999870300293,1
16712,14.215999603271484,1
16713,14.215999603271484,1
16714,14.215999603271484,1
16715,12.930999755859375,1
16716,11.0649995803833,1
16717,10.961000442504883,1
16742,12.484999656677246,1
16743,13.560999870300293,1
16744,14.215999603271484,1
16745,14.215999603271484,1
16746,14.215999603271484,1
16747,13.230999946594238,1
16748,11.0649995803833,1
16749,10.961000442504883,1
16774,12.484999656677246,1
16775,12.517000198364258,1
16776,14.1850004196167,1
16777,14.1850004196167,1
16778,14.1850004196167,1
16779,13.230999946594238,1
16780,11.013999938964844,1
16781,10.961000442504883,1
16806,11.944000244140625,1
16807,11.944000244140625,1
16808,13.890999794006348,1
16809,13.890999794006348,1
16810,13.890999794006348,1
16811,13.230999946594238,1
16839,10.937999725341797,1
16840,11.947999954223633,1
16841,11.947999954223633,1
16842,11.947999954223633,1
16871,10.937999725341797,1
16872,10.937999725341797,1
16873,10.937999725341797,1
16903,10.937999725341797,1
16904,10.937999725341797,1
16905,10.937999725341797,1
17381,10.942000389099121,1
17382,11.501999855041504,1
17383,11.501999855041504,1
17384,11.501999855041504,1
17413,11.392999649047852,1
17414,11.501999855041504,1
17415,11.501999855041504,1
17416,11.501999855041504,1
17445,12.805000305175781,1
17446,12.805000305175781,1
17447,12.805000305175781,1
17448,12.288000106811523,1
17449,11.501999855041504,1
17477,12.805000305175781,1
17478,12.805000305175781,1
17479,12.805000305175781,1
17480,12.755000114440918,1
17481,12.755000114440918,1
17509,12.805000305175781,1
17510,13.423999786376953,1
17511,13.423999786376953,1
17512,13.423999786376953,1
17513,12.782999992370605,1
17514,11.727999687194824,1
17541,12.484999656677246,1
17542,13.423999786376953,1
17543,14.1850004196167,1
17544,14.1850004196167,1
17545,14.1850004196167,1
17546,11.881999969482422,1
17573,12.484999656677246,1
17574,13.423999786376953,1
17575,14.1850004196167,1
17576,14.1850004196167,1
17577,14.1850004196167,1
17578,12.755000114440918,1
17605,12.484999656677246,1
17606,13.560999870300293,1
17607,14.1850004196167,1
17608,14.1850004196167,1
17609,14.1850004196167,1
17610,13.451000213623047,1
17611,11.881999969482422,1
17637,11.944000244140625,1
17638,13.560999870300293,1
17639,13.890999794006348,1
17640,14.1850004196167,1
17641,14.1850004196167,1
17642,14.1850004196167,1
17643,12.031000137329102,1
17669,11.208999633789062,1
17670,13.560999870300293,1
17671,13.560999870300293,1
17672,14.215999603271484,1
17673,14.215999603271484,1
17674,14.215999603271484,1
17675,12.78499984741211,1
17676,11.0649995803833,1
17702,12.517000198364258,1
17703,13.560999870300293,1
17704,14.215999603271484,1
17705,14.215999603271484,1
17706,14.215999603271484,1
17707,12.930999755859375,1
17708,11.0649995803833,1
17709,11.013999938964844,1
17734,11.963000297546387,1
17735,13.560999870300293,1
17736,14.215999603271484,1
17737,14.215999603271484,1
17738,14.215999603271484,1
17739,12.930999755859375,1
17740,11.0649995803833,1
17741,11.013999938964844,1
17766,11.6850004196167,1
17767,12.517000198364258,1
17768,13.348999977111816,1
17769,13.348999977111816,1
17770,13.348999977111816,1
17771,12.930999755859375,1
17772,11.013999938964844,1
17773,11.013999938964844,1
17799,11.258000373840332,1
17800,12.170000076293945,1
17801,12.170000076293945,1
17802,12.170000076293945,1
17803,11.920999526977539,1
17831,10.937999725341797,1
17832,11.947999954223633,1
17833,11.947999954223633,1
17834,11.947999954223633,1
17863,10.937999725341797,1
17864,10.937999725341797,1
17865,10.937999725341797,1
17866,10.916000366210938,1
17895,10.937999725341797,1
17896,10.937999725341797,1
17897,10.937999725341797,1
18438,12.288000106811523,1
18439,12.288000106811523,1
18440,12.288000106811523,1
18441,11.501999855041504,1
18470,12.444999694824219,1
18471,12.755000114440918,1
18472,12.755000114440918,1
18473,12.755000114440918,1
18501,11.1850004196167,1
18502,13.423999786376953,1
18503,13.423999786376953,1
18504,13.423999786376953,1
18505,12.782999992370605,1
18506,11.727999687194824,1
18533,11.52400016784668,1
18534,13.423999786376953,1
18535,13.451000213623047,1
18536,13.451000213623047,1
18537,13.451000213623047,1
18538,11.881999969482422,1
18565,11.52400016784668,1
18566,13.423999786376953,1
18567,13.451000213623047,1
18568,13.451000213623047,1
18569,13.451000213623047,1
18570,12.755000114440918,1
18597,11.52400016784668,1
18598,12.987000465393066,1
18599,13.451000213623047,1
18600,13.451000213623047,1
18601,13.451000213623047,1
18602,13.451000213623047,1
18603,11.881999969482422,1
18629,11.25100040435791,1
18630,12.961000442504883,1
18631,13.348999977111816,1
18632,14.1850004196167,1
18633,14.1850004196167,1
18634,14.1850004196167,1
18635,12.031000137329102,1
18662,12.517000198364258,1
18663,13.348999977111816,1
18664,14.1850004196167,1
18665,14.1850004196167,1
18666,14.1850004196167,1
18667,12.609999656677246,1
18668,11.0649995803833,1
18694,12.517000198364258,1
18695,13.348999977111816,1
18696,14.1850004196167,1
18697,14.1850004196167,1
18698,14.1850004196167,1
18699,12.930999755859375,1
18700,11.0649995803833,1
18701,11.013999938964844,1
18726,11.258000373840332,1
18727,12.902999877929688,1
18728,13.890999794006348,1
18729,13.890999794006348,1
18730,13.890999794006348,1
18731,12.930999755859375,1
18732,11.0649995803833,1
18733,11.013999938964844,1
18759,11.527999877929688,1
18760,12.744000434875488,1
18761,12.930999755859375,1
18762,12.930999755859375,1
18763,12.930999755859375,1
18764,11.013999938964844,1
18765,11.013999938964844,1
18792,11.947999954223633,1
18793,11.947999954223633,1
18794,11.947999954223633,1
18795,11.920999526977539,1
18823,10.937999725341797,1
18824,11.947999954223633,1
18825,11.947999954223633,1
18826,11.947999954223633,1
18855,10.937999725341797,1
18856,10.937999725341797,1
18857,10.937999725341797,1
18858,10.916000366210938,1
18887,10.937999725341797,1
18888,10.937999725341797,1
18889,10.937999725341797,1
19097,11.515999794006348,1
19129,11.800000190734863,1
19160,11.800000190734863,1
19161,11.800000190734863,1
19191,11.800000190734863,1
19192,11.800000190734863,1
19193,11.800000190734863,1
19431,11.501999855041504,1
19432,11.501999855041504,1
19433,11.501999855041504,1
19462,11.333000183105469,1
19463,11.501999855041504,1
19464,11.501999855041504,1
19465,11.501999855041504,1
19494,11.963000297546387,1
19495,11.963000297546387,1
19496,11.963000297546387,1
19497,11.824000358581543,1
19498,11.727999687194824,1
19526,12.427000045776367,1
19527,12.994000434875488,1
19528,12.994000434875488,1
19529,12.994000434875488,1
19530,11.881999969482422,1
19558,12.427000045776367,1
19559,12.994000434875488,1
19560,12.994000434875488,1
19561,12.994000434875488,1
19562,12.755000114440918,1
19590,12.427000045776367,1
19591,12.994000434875488,1
19592,13.451000213623047,1
19593,13.451000213623047,1
19594,13.451000213623047,1
19595,11.847999572753906,1
19622,12.517000198364258,1
19623,12.987000465393066,1
19624,13.451000213623047,1
19625,13.451000213623047,1
19626,13.451000213623047,1
19627,12.031000137329102,1
19654,12.517000198364258,1
19655,12.987000465393066,1
19656,13.451000213623047,1
19657,13.451000213623047,1
19658,13.451000213623047,1
19659,12.031000137329102,1
19686,12.517000198364258,1
19687,12.987000465393066,1
19688,13.204000473022461,1
19689,13.204000473022461,1
19690,13.204000473022461,1
19691,12.031000137329102,1
19692,11.013999938964844,1
19693,11.013999938964844,1
19718,11.258000373840332,1
19719,12.112000465393066,1
19720,12.170000076293945,1
19721,12.170000076293945,1
19722,12.170000076293945,1
19723,11.607999801635742,1
19724,11.013999938964844,1
19725,11.013999938964844,1
19751,11.192999839782715,1
19752,11.192999839782715,1
19753,11.192999839782715,1
19755,11.013999938964844,1
19756,11.013999938964844,1
19757,11.013999938964844,1
19784,10.916000366210938,1
19785,10.916000366210938,1
19786,10.916000366210938,1
19816,10.916000366210938,1
19817,10.916000366210938,1
19818,10.916000366210938,1
19848,10.916000366210938,1
19849,10.916000366210938,1
19850,10.916000366210938,1
20152,11.800000190734863,1
20153,11.800000190734863,1
20183,11.800000190734863,1
20184,11.800000190734863,1
20185,11.800000190734863,1
20246,11.152000427246094,1
20247,11.152000427246094,1
20248,11.152000427246094,1
20278,11.152000427246094,1
20279,11.152000427246094,1
20280,11.152000427246094,1
20310,11.152000427246094,1
20311,11.152000427246094,1
20312,11.152000427246094,1
20519,12.994000434875488,1
20520,12.994000434875488,1
20521,12.994000434875488,1
20522,11.572999954223633,1
20551,12.994000434875488,1
20552,12.994000434875488,1
20553,12.994000434875488,1
20554,11.572999954223633,1
20582,11.211999893188477,1
20583,12.994000434875488,1
20584,12.994000434875488,1
20585,12.994000434875488,1
20586,11.572999954223633,1
20587,11.340999603271484,1
20614,11.211999893188477,1
20615,12.744000434875488,1
20616,12.994000434875488,1
20617,12.994000434875488,1
20618,12.994000434875488,1
20619,11.340999603271484,1
20646,11.211999893188477,1
20647,12.744000434875488,1
20648,12.994000434875488,1
20649,12.994000434875488,1
20650,12.994000434875488,1
20651,11.340999603271484,1
20679,12.744000434875488,1
20680,12.994000434875488,1
20681,12.994000434875488,1
20682,12.994000434875488,1
20683,11.013999938964844,1
20712,11.920999526977539,1
20713,11.920999526977539,1
20714,11.920999526977539,1
21018,22.552000045776367,1
21050,22.552000045776367,1
21082,22.552000045776367,1
21144,11.800000190734863,1
21145,11.800000190734863,1
21175,11.800000190734863,1
21176,11.800000190734863,1
21177,11.800000190734863,1
21207,11.152000427246094,1
21208,11.152000427246094,1
21239,11.152000427246094,1
21240,11.152000427246094,1
21270,11.152000427246094,1
21271,11.152000427246094,1
21272,11.152000427246094,1
21273,11.152000427246094,1
21274,11.152000427246094,1
21302,11.152000427246094,1
21303,11.152000427246094,1
21304,11.152000427246094,1
21305,11.152000427246094,1
21306,11.152000427246094,1
21336,11.152000427246094,1
21337,11.152000427246094,1
21338,11.152000427246094,1
22010,22.552000045776367,1
22042,22.552000045776367,1
22067,11.800000190734863,1
22068,11.800000190734863,1
22074,22.552000045776367,1
22099,11.800000190734863,1
22100,11.800000190734863,1
22131,11.800000190734863,1
22136,11.800000190734863,1
22137,11.795000076293945,1
22167,11.800000190734863,1
22168,11.800000190734863,1
22169,11.795000076293945,1
22199,11.152000427246094,1
22200,11.152000427246094,1
22231,11.152000427246094,1
22232,11.152000427246094,1
22262,11.152000427246094,1
22263,11.152000427246094,1
22264,11.152000427246094,1
22265,11.152000427246094,1
22266,11.152000427246094,1
22294,11.152000427246094,1
22295,11.152000427246094,1
22296,11.152000427246094,1
22297,11.152000427246094,1
22298,11.152000427246094,1
22328,11.152000427246094,1
22329,11.152000427246094,1
22330,11.152000427246094,1
23002,22.552000045776367,1
23034,22.552000045776367,1
23059,11.800000190734863,1
23060,11.800000190734863,1
23061,11.800000190734863,1
23062,12.050000190734863,1
23066,22.552000045776367,1
23091,11.800000190734863,1
23092,11.800000190734863,1
23093,11.800000190734863,1
23094,12.050000190734863,1
23095,12.050000190734863,1
23096,12.050000190734863,1
23097,11.152000427246094,1
23123,11.800000190734863,1
23127,12.050000190734863,1
23128,12.050000190734863,1
23129,12.050000190734863,1
23130,12.050000190734863,1
23155,11.345000267028809,1
23159,11.800000190734863,1
23160,12.050000190734863,1
23161,12.050000190734863,1
23162,12.050000190734863,1
23163,10.95199966430664,1
23191,11.152000427246094,1
23192,12.050000190734863,1
23193,12.050000190734863,1
23194,12.050000190734863,1
23195,10.95199966430664,1
23225,10.95199966430664,1
23226,10.95199966430664,1
23227,10.95199966430664,1
23256,11.152000427246094,1
23257,11.152000427246094,1
23258,11.152000427246094,1
23288,11.152000427246094,1
23289,11.152000427246094,1
23290,11.152000427246094,1
23320,11.152000427246094,1
23321,11.152000427246094,1
23322,11.152000427246094,1
23990,11.152000427246094,1
23991,11.152000427246094,1
23992,11.152000427246094,1
24020,11.795000076293945,1
24021,11.795000076293945,1
24022,11.795000076293945,1
24023,11.208000183105469,1
24024,11.152000427246094,1
24051,11.800000190734863,1
24052,11.800000190734863,1
24053,11.800000190734863,1
24054,12.050000190734863,1
24055,12.050000190734863,1
24056,12.050000190734863,1
24057,11.208000183105469,1
24083,11.800000190734863,1
24084,11.800000190734863,1
24085,11.800000190734863,1
24086,12.050000190734863,1
24087,12.050000190734863,1
24088,12.050000190734863,1
24089,11.208000183105469,1
24115,11.800000190734863,1
24116,11.800000190734863,1
24117,11.800000190734863,1
24118,12.050000190734863,1
24119,12.050000190734863,1
24120,12.050000190734863,1
24121,12.050000190734863,1
24122,12.050000190734863,1
24147,11.345000267028809,1
24148,11.345000267028809,1
24149,11.345000267028809,1
24150,11.800000190734863,1
24151,11.800000190734863,1
24152,12.050000190734863,1
24153,12.050000190734863,1
24154,12.050000190734863,1
24155,11.152000427246094,1
24183,11.800000190734863,1
24184,12.050000190734863,1
24185,12.050000190734863,1
24186,12.050000190734863,1
24187,11.152000427246094,1
24215,11.515999794006348,1
24216,11.515999794006348,1
24217,11.515999794006348,1
24218,11.152000427246094,1
24219,11.152000427246094,1
24249,11.152000427246094,1
24250,11.152000427246094,1
24251,11.152000427246094,1
24281,11.152000427246094,1
24282,11.152000427246094,1
24283,11.152000427246094,1
24982,11.152000427246094,1
24983,11.152000427246094,1
24984,11.152000427246094,1
25012,11.795000076293945,1
25013,11.795000076293945,1
25014,11.795000076293945,1
25015,11.208000183105469,1
25016,11.152000427246094,1
25042,11.800000190734863,1
25043,11.800000190734863,1
25044,12.050000190734863,1
25045,12.050000190734863,1
25046,12.050000190734863,1
25047,12.050000190734863,1
25048,12.050000190734863,1
25049,11.208000183105469,1
25074,11.800000190734863,1
25075,11.800000190734863,1
25076,12.050000190734863,1
25077,12.050000190734863,1
25078,12.050000190734863,1
25079,12.050000190734863,1
25080,12.050000190734863,1
25081,11.208000183105469,1
25106,11.800000190734863,1
25107,11.800000190734863,1
25108,12.050000190734863,1
25109,12.050000190734863,1
25110,12.050000190734863,1
25111,12.050000190734863,1
25112,12.050000190734863,1
25113,12.050000190734863,1
25114,12.050000190734863,1
25138,11.515999794006348,1
25139,11.515999794006348,1
25140,11.515999794006348,1
25141,11.345000267028809,1
25142,11.795000076293945,1
25143,11.800000190734863,1
25144,12.050000190734863,1
25145,12.050000190734863,1
25146,12.050000190734863,1
25147,11.152000427246094,1
25171,10.95199966430664,1
25172,10.95199966430664,1
25173,11.069999694824219,1
25174,11.269000053405762,1
25175,11.800000190734863,1
25176,12.050000190734863,1
25177,12.050000190734863,1
25178,12.050000190734863,1
25179,11.152000427246094,1
25180,10.942999839782715,1
25205,11.069999694824219,1
25206,11.269000053405762,1
25207,11.795000076293945,1
25208,11.795000076293945,1
25209,11.795000076293945,1
25210,11.152000427246094,1
25211,11.152000427246094,1
25212,10.942999839782715,1
25237,11.711999893188477,1
25238,11.711999893188477,1
25239,11.269000053405762,1
25240,11.269000053405762,1
25241,11.152000427246094,1
25242,11.152000427246094,1
25243,11.152000427246094,1
25244,10.942999839782715,1
25269,11.711999893188477,1
25270,11.711999893188477,1
25273,11.152000427246094,1
25274,11.152000427246094,1
25275,11.152000427246094,1
25300,11.711999893188477,1
25301,11.711999893188477,1
25302,11.711999893188477,1
25974,11.152000427246094,1
25975,11.152000427246094,1
25976,11.152000427246094,1
26003,11.795000076293945,1
26004,11.795000076293945,1
26005,11.795000076293945,1
26006,11.795000076293945,1
26034,11.800000190734863,1
26035,11.800000190734863,1
26036,12.050000190734863,1
26037,12.050000190734863,1
26038,12.050000190734863,1
26066,11.800000190734863,1
26067,11.800000190734863,1
26068,12.050000190734863,1
26069,12.050000190734863,1
26070,12.050000190734863,1
26098,11.800000190734863,1
26099,11.800000190734863,1
26100,12.050000190734863,1
26101,12.050000190734863,1
26102,12.050000190734863,1
26103,11.800000190734863,1
26130,11.515999794006348,1
26131,11.515999794006348,1
26132,11.515999794006348,1
26133,11.269000053405762,1
26134,11.515999794006348,1
26135,11.800000190734863,1
26163,10.95199966430664,1
26164,10.95199966430664,1
26165,11.711999893188477,1
26166,11.711999893188477,1
26167,11.800000190734863,1
26168,11.800000190734863,1
26169,12.050000190734863,1
26170,12.050000190734863,1
26171,12.050000190734863,1
26172,10.942999839782715,1
26195,10.95199966430664,1
26196,11.767999649047852,1
26197,11.767999649047852,1
26198,11.767999649047852,1
26199,11.795000076293945,1
26200,11.795000076293945,1
26201,12.050000190734863,1
26202,12.050000190734863,1
26203,12.050000190734863,1
26204,10.942999839782715,1
26227,10.95199966430664,1
26228,11.767999649047852,1
26229,11.767999649047852,1
26230,11.767999649047852,1
26231,11.711999893188477,1
26232,11.269000053405762,1
26233,11.152000427246094,1
26234,11.152000427246094,1
26235,11.152000427246094,1
26236,10.942999839782715,1
26259,10.928999900817871,1
26260,11.767999649047852,1
26261,11.767999649047852,1
26262,11.767999649047852,1
26263,11.1899995803833,1
26265,11.152000427246094,1
26266,11.152000427246094,1
26267,11.152000427246094,1
26291,10.928999900817871,1
26292,11.767999649047852,1
26293,11.767999649047852,1
26294,11.767999649047852,1
26295,11.1899995803833,1
26323,10.928999900817871,1
26324,11.767999649047852,1
26325,11.767999649047852,1
26326,11.767999649047852,1
26356,11.767999649047852,1
26357,11.767999649047852,1
26358,11.767999649047852,1
26995,11.795000076293945,1
26996,11.795000076293945,1
26997,11.795000076293945,1
27026,11.800000190734863,1
27027,11.800000190734863,1
27028,12.050000190734863,1
27029,12.050000190734863,1
27030,12.050000190734863,1
27058,11.800000190734863,1
27059,11.800000190734863,1
27060,12.050000190734863,1
27061,12.050000190734863,1
27062,12.050000190734863,1
27090,11.800000190734863,1
27091,11.800000190734863,1
27092,12.050000190734863,1
27093,12.050000190734863,1
27094,12.050000190734863,1
27122,11.515999794006348,1
27123,11.515999794006348,1
27124,11.800000190734863,1
27125,11.800000190734863,1
27126,11.800000190734863,1
27127,11.800000190734863,1
27155,11.276000022888184,1
27156,11.800000190734863,1
27157,11.800000190734863,1
27158,11.800000190734863,1
27159,11.800000190734863,1
27160,11.800000190734863,1
27161,12.050000190734863,1
27187,11.276000022888184,1
27188,11.767999649047852,1
27189,11.767999649047852,1
27190,11.800000190734863,1
27191,11.800000190734863,1
27192,11.800000190734863,1
27193,12.050000190734863,1
27194,12.050000190734863,1
27219,10.95199966430664,1
27220,11.767999649047852,1
27221,11.767999649047852,1
27222,11.767999649047852,1
27223,11.711999893188477,1
27224,11.28499984741211,1
27225,10.96500015258789,1
27226,10.96500015258789,1
27227,10.96500015258789,1
27228,10.942999839782715,1
27229,10.942999839782715,1
27251,10.928999900817871,1
27252,11.767999649047852,1
27253,11.767999649047852,1
27254,11.767999649047852,1
27255,11.28499984741211,1
27256,11.28499984741211,1
27259,10.942999839782715,1
27260,10.942999839782715,1
27261,10.942999839782715,1
27283,10.928999900817871,1
27284,11.767999649047852,1
27285,11.767999649047852,1
27286,11.767999649047852,1
27287,11.696000099182129,1
27288,11.696000099182129,1
27315,10.928999900817871,1
27316,11.767999649047852,1
27317,11.767999649047852,1
27318,11.767999649047852,1
27319,11.696000099182129,1
27320,11.696000099182129,1
27348,11.767999649047852,1
27349,11.767999649047852,1
27350,11.767999649047852,1
27351,11.696000099182129,1
27352,11.696000099182129,1
27987,11.795000076293945,1
27988,11.795000076293945,1
27989,11.795000076293945,1
28018,11.027000427246094,1
28019,11.795000076293945,1
28020,11.795000076293945,1
28021,11.795000076293945,1
28050,11.027000427246094,1
28051,11.795000076293945,1
28052,11.795000076293945,1
28053,12.050000190734863,1
28082,11.027000427246094,1
28083,11.269000053405762,1
28084,11.800000190734863,1
28085,12.050000190734863,1
28115,11.276000022888184,1
28116,11.800000190734863,1
28117,12.050000190734863,1
28118,12.050000190734863,1
28119,12.050000190734863,1
28147,11.276000022888184,1
28148,11.800000190734863,1
28149,11.800000190734863,1
28150,11.800000190734863,1
28151,12.050000190734863,1
28152,12.050000190734863,1
28153,12.050000190734863,1
28179,11.276000022888184,1
28180,11.767999649047852,1
28181,11.767999649047852,1
28182,11.800000190734863,1
28183,12.050000190734863,1
28184,12.050000190734863,1
28185,12.050000190734863,1
28186,12.050000190734863,1
28212,11.767999649047852,1
28213,11.767999649047852,1
28214,11.767999649047852,1
28215,11.767999649047852,1
28216,11.767999649047852,1
28217,11.069999694824219,1
28218,11.069999694824219,1
28219,11.069999694824219,1
28220,10.96500015258789,1
28221,10.942999839782715,1
28243,10.928999900817871,1
28244,11.767999649047852,1
28245,11.767999649047852,1
28246,11.767999649047852,1
28247,11.696000099182129,1
28248,11.696000099182129,1
28250,10.96500015258789,1
28251,10.96500015258789,1
28252,10.96500015258789,1
28253,10.942999839782715,1
28275,10.928999900817871,1
28276,11.767999649047852,1
28277,11.767999649047852,1
28278,11.767999649047852,1
28279,11.696000099182129,1
28280,11.696000099182129,1
28307,10.928999900817871,1
28308,11.767999649047852,1
28309,11.767999649047852,1
28310,11.767999649047852,1
28311,11.767999649047852,1
28312,11.696000099182129,1
28340,11.767999649047852,1
28341,11.767999649047852,1
28342,11.767999649047852,1
28343,11.767999649047852,1
28344,11.696000099182129,1
28373,11.767999649047852,1
28374,11.767999649047852,1
28375,11.767999649047852,1
29010,10.95199966430664,1
29011,10.95199966430664,1
29012,10.95199966430664,1
29013,10.95199966430664,1
29042,10.95199966430664,1
29043,11.208000183105469,1
29044,11.795000076293945,1
29045,12.050000190734863,1
29074,10.95199966430664,1
29075,11.208000183105469,1
29076,11.800000190734863,1
29077,12.050000190734863,1
29107,11.276000022888184,1
29108,11.800000190734863,1
29109,12.050000190734863,1
29110,12.050000190734863,1
29139,11.276000022888184,1
29140,11.800000190734863,1
29141,11.800000190734863,1
29142,11.800000190734863,1
29143,12.050000190734863,1
29144,12.050000190734863,1
29171,11.276000022888184,1
29172,11.276000022888184,1
29173,11.276000022888184,1
29174,11.800000190734863,1
29175,12.050000190734863,1
29176,12.050000190734863,1
29177,12.050000190734863,1
29204,11.269000053405762,1
29205,11.269000053405762,1
29206,11.767999649047852,1
29207,11.767999649047852,1
29208,11.767999649047852,1
29209,11.28499984741211,1
29210,11.069999694824219,1
29211,11.069999694824219,1
29212,10.96500015258789,1
29213,10.942999839782715,1
29237,10.996000289916992,1
29238,11.696000099182129,1
29239,11.696000099182129,1
29240,11.696000099182129,1
29241,11.112000465393066,1
29242,11.112000465393066,1
29243,11.112000465393066,1
29244,10.96500015258789,1
29245,10.942999839782715,1
29268,11.711999893188477,1
29269,11.711999893188477,1
29270,11.711999893188477,1
29271,11.696000099182129,1
29272,11.696000099182129,1
29273,11.112000465393066,1
29274,11.112000465393066,1
29275,11.112000465393066,1
29300,11.711999893188477,1
29301,11.767999649047852,1
29302,11.767999649047852,1
29303,11.767999649047852,1
29304,11.696000099182129,1
29305,11.112000465393066,1
29306,11.112000465393066,1
29307,11.112000465393066,1
29332,11.711999893188477,1
29333,11.767999649047852,1
29334,11.767999649047852,1
29335,11.767999649047852,1
29336,11.696000099182129,1
29337,11.696000099182129,1
29365,11.767999649047852,1
29366,11.767999649047852,1
29367,11.767999649047852,1
29368,11.696000099182129,1
29369,11.696000099182129,1
29398,10.996000289916992,1
29399,11.696000099182129,1
29400,11.696000099182129,1
29401,11.696000099182129,1
30035,11.208000183105469,1
30036,11.795000076293945,1
30037,12.050000190734863,1
30067,11.208000183105469,1
30068,11.795000076293945,1
30069,12.050000190734863,1
30099,11.208000183105469,1
30100,11.795000076293945,1
30101,12.050000190734863,1
30102,12.050000190734863,1
30132,11.116999626159668,1
30133,11.222000122070312,1
30134,11.767999649047852,1
30135,12.050000190734863,1
30136,12.050000190734863,1
30165,11.222000122070312,1
30166,11.767999649047852,1
30167,12.050000190734863,1
30168,12.050000190734863,1
30169,12.050000190734863,1
30197,11.112000465393066,1
30198,11.767999649047852,1
30199,11.767999649047852,1
30200,11.767999649047852,1
30201,11.767999649047852,1
30202,11.116999626159668,1
30203,11.069999694824219,1
30204,10.96500015258789,1
30205,10.942999839782715,1
30229,10.996000289916992,1
30230,11.696000099182129,1
30231,11.767999649047852,1
30232,11.767999649047852,1
30233,11.767999649047852,1
30234,11.116999626159668,1
30235,11.112000465393066,1
30236,10.96500015258789,1
30237,10.942999839782715,1
30260,10.928999900817871,1
30261,10.994000434875488,1
30262,11.711999893188477,1
30263,11.767999649047852,1
30264,11.767999649047852,1
30265,11.767999649047852,1
30266,11.112000465393066,1
30267,11.112000465393066,1
30292,10.928999900817871,1
30293,11.767999649047852,1
30294,11.767999649047852,1
30295,11.767999649047852,1
30296,11.767999649047852,1
30297,11.767999649047852,1
30298,11.112000465393066,1
30299,11.112000465393066,1
30324,10.928999900817871,1
30325,11.767999649047852,1
30326,11.767999649047852,1
30327,11.767999649047852,1
30328,11.767999649047852,1
30329,11.767999649047852,1
30357,11.767999649047852,1
30358,11.767999649047852,1
30359,11.767999649047852,1
30360,11.696000099182129,1
30361,11.696000099182129,1
30362,10.883000373840332,1
30363,10.883000373840332,1
30390,10.996000289916992,1
30391,11.696000099182129,1
30392,11.696000099182129,1
30393,11.696000099182129,1
30394,10.883000373840332,1
30395,10.883000373840332,1
30427,10.883000373840332,1
31094,11.1899995803833,1
31125,10.883999824523926,1
31126,11.1899995803833,1
31127,11.28499984741211,1
31128,12.050000190734863,1
31157,10.883999824523926,1
31158,11.32699966430664,1
31159,11.767999649047852,1
31160,12.050000190734863,1
31161,12.050000190734863,1
31165,10.942999839782715,1
31189,10.883999824523926,1
31190,11.32699966430664,1
31191,11.767999649047852,1
31192,12.050000190734863,1
31193,12.050000190734863,1
31194,12.050000190734863,1
31195,11.12399959564209,1
31196,10.942999839782715,1
31197,10.942999839782715,1
31222,11.32699966430664,1
31223,11.767999649047852,1
31224,11.767999649047852,1
31225,11.767999649047852,1
31226,11.696000099182129,1
31227,11.112000465393066,1
31228,10.942999839782715,1
31229,10.942999839782715,1
31252,10.928999900817871,1
31253,10.928999900817871,1
31254,11.711999893188477,1
31255,11.767999649047852,1
31256,11.767999649047852,1
31257,11.767999649047852,1
31258,11.112000465393066,1
31259,11.112000465393066,1
31284,10.928999900817871,1
31285,10.928999900817871,1
31286,11.711999893188477,1
31287,11.767999649047852,1
31288,11.767999649047852,1
31289,11.767999649047852,1
31290,11.623000144958496,1
31291,11.623000144958496,1
31292,11.112000465393066,1
31316,10.928999900817871,1
31317,10.928999900817871,1
31318,11.711999893188477,1
31319,11.767999649047852,1
31320,11.767999649047852,1
31321,11.767999649047852,1
31322,11.696000099182129,1
31323,11.696000099182129,1
31324,11.112000465393066,1
31325,10.888999938964844,1
31350,11.12399959564209,1
31351,11.696000099182129,1
31352,11.696000099182129,1
31353,11.696000099182129,1
31354,11.696000099182129,1
31355,11.696000099182129,1
31356,11.623000144958496,1
31357,11.623000144958496,1
31382,10.996000289916992,1
31383,11.696000099182129,1
31384,11.696000099182129,1
31385,11.696000099182129,1
31386,11.696000099182129,1
31387,11.696000099182129,1
31388,11.623000144958496,1
31389,11.623000144958496,1
31418,11.371999740600586,1
31419,11.623000144958496,1
31420,11.623000144958496,1
31421,11.623000144958496,1
31450,11.185999870300293,1
31451,11.185999870300293,1
31452,11.185999870300293,1
32086,10.96500015258789,1
32087,10.96500015258789,1
32088,10.994000434875488,1
32089,10.994000434875488,1
32090,10.994000434875488,1
32117,10.883999824523926,1
32118,10.96500015258789,1
32119,11.208000183105469,1
32120,12.050000190734863,1
32121,12.050000190734863,1
32122,12.050000190734863,1
32123,11.767999649047852,1
32149,10.883999824523926,1
32150,10.96500015258789,1
32151,11.767999649047852,1
32152,12.050000190734863,1
32153,12.050000190734863,1
32154,12.050000190734863,1
32155,11.767999649047852,1
32181,10.883999824523926,1
32182,10.883999824523926,1
32183,11.767999649047852,1
32184,12.050000190734863,1
32185,12.050000190734863,1
32186,12.050000190734863,1
32187,11.767999649047852,1
32215,11.767999649047852,1
32216,11.767999649047852,1
32217,11.767999649047852,1
32218,11.696000099182129,1
32219,11.696000099182129,1
32246,11.711999893188477,1
32247,11.767999649047852,1
32248,11.767999649047852,1
32249,11.767999649047852,1
32250,11.696000099182129,1
32251,11.696000099182129,1
32278,11.711999893188477,1
32279,11.767999649047852,1
32280,11.767999649047852,1
32281,11.767999649047852,1
32282,11.696000099182129,1
32283,11.696000099182129,1
32284,11.112000465393066,1
32310,11.711999893188477,1
32311,11.767999649047852,1
32312,11.767999649047852,1
32313,11.767999649047852,1
32314,11.696000099182129,1
32315,11.696000099182129,1
32316,11.112000465393066,1
32317,10.888999938964844,1
32343,11.32699966430664,1
32344,11.371999740600586,1
32345,11.696000099182129,1
32346,11.696000099182129,1
32347,11.696000099182129,1
32348,11.623000144958496,1
32349,11.623000144958496,1
32375,11.32699966430664,1
32376,11.32699966430664,1
32377,11.696000099182129,1
32378,11.696000099182129,1
32379,11.696000099182129,1
32380,11.623000144958496,1
32381,11.623000144958496,1
32382,11.371999740600586,1
32409,10.883000373840332,1
32410,11.371999740600586,1
32411,11.623000144958496,1
32412,11.623000144958496,1
32413,11.623000144958496,1
32414,11.371999740600586,1
32442,11.185999870300293,1
32443,11.185999870300293,1
32444,11.371999740600586,1
32445,11.371999740600586,1
32446,11.371999740600586,1
33110,10.928999900817871,1
33111,11.185999870300293,1
33112,12.050000190734863,1
33113,12.050000190734863,1
33114,12.050000190734863,1
33115,11.767999649047852,1
33142,10.956000328063965,1
33143,11.623000144958496,1
33144,12.050000190734863,1
33145,12.050000190734863,1
33146,12.050000190734863,1
33147,11.767999649047852,1
33148,11.222000122070312,1
33149,11.222000122070312,1
33174,10.956000328063965,1
33175,11.623000144958496,1
33176,12.050000190734863,1
33177,12.050000190734863,1
33178,12.050000190734863,1
33179,11.767999649047852,1
33180,11.222000122070312,1
33181,11.222000122070312,1
33206,10.956000328063965,1
33207,11.623000144958496,1
33208,11.696000099182129,1
33209,11.696000099182129,1
33210,11.696000099182129,1
33211,11.696000099182129,1
33212,11.222000122070312,1
33213,11.222000122070312,1
33238,11.28499984741211,1
33239,11.28499984741211,1
33240,11.28499984741211,1
33241,11.696000099182129,1
33242,11.696000099182129,1
33243,11.696000099182129,1
33244,11.222000122070312,1
33270,11.28499984741211,1
33271,11.28499984741211,1
33272,11.371999740600586,1
33273,11.696000099182129,1
33274,11.696000099182129,1
33275,11.696000099182129,1
33276,11.222000122070312,1
33277,10.888999938964844,1
33278,10.888999938964844,1
33302,11.28499984741211,1
33303,11.28499984741211,1
33304,11.371999740600586,1
33305,11.696000099182129,1
33306,11.696000099182129,1
33307,11.696000099182129,1
33308,11.222000122070312,1
33309,10.888999938964844,1
33310,10.888999938964844,1
33335,10.883000373840332,1
33336,11.371999740600586,1
33337,11.696000099182129,1
33338,11.696000099182129,1
33339,11.696000099182129,1
33340,11.623000144958496,1
33341,11.623000144958496,1
33342,11.623000144958496,1
33343,11.623000144958496,1
33368,10.996000289916992,1
33369,11.696000099182129,1
33370,11.696000099182129,1
33371,11.696000099182129,1
33372,11.623000144958496,1
33373,11.623000144958496,1
33374,11.623000144958496,1
33375,11.623000144958496,1
33402,11.371999740600586,1
33403,11.623000144958496,1
33404,11.623000144958496,1
33405,11.623000144958496,1
33406,11.623000144958496,1
33407,11.623000144958496,1
33434,11.185999870300293,1
33435,11.185999870300293,1
33436,11.371999740600586,1
33437,11.371999740600586,1
33438,11.371999740600586,1
34102,10.928999900817871,1
34103,11.185999870300293,1
34104,11.28499984741211,1
34105,11.767999649047852,1
34106,11.767999649047852,1
34107,11.767999649047852,1
34134,10.956000328063965,1
34135,11.623000144958496,1
34136,11.623000144958496,1
34137,11.767999649047852,1
34138,11.767999649047852,1
34139,11.767999649047852,1
34140,11.222000122070312,1
34141,11.222000122070312,1
34166,10.956000328063965,1
34167,11.623000144958496,1
34168,11.623000144958496,1
34169,11.767999649047852,1
34170,11.767999649047852,1
34171,11.767999649047852,1
34172,11.378000259399414,1
34173,11.378000259399414,1
34198,10.956000328063965,1
34199,11.623000144958496,1
34200,11.623000144958496,1
34201,11.696000099182129,1
34202,11.696000099182129,1
34203,11.696000099182129,1
34204,11.378000259399414,1
34205,11.378000259399414,1
34230,11.28499984741211,1
34231,11.28499984741211,1
34232,11.28499984741211,1
34233,11.696000099182129,1
34234,11.696000099182129,1
34235,11.696000099182129,1
34236,11.378000259399414,1
34237,11.378000259399414,1
34262,11.28499984741211,1
34263,11.28499984741211,1
34264,11.28499984741211,1
34265,11.696000099182129,1
34266,11.696000099182129,1
34267,11.696000099182129,1
34268,11.371999740600586,1
34269,11.371999740600586,1
34270,10.888999938964844,1
34294,11.28499984741211,1
34295,11.28499984741211,1
34296,11.28499984741211,1
34297,11.32699966430664,1
34298,11.32699966430664,1
34299,11.32699966430664,1
34300,11.222000122070312,1
34301,11.371999740600586,1
34302,11.371999740600586,1
34303,11.371999740600586,1
34329,11.32699966430664,1
34330,11.32699966430664,1
34331,11.378000259399414,1
34332,11.378000259399414,1
34333,11.623000144958496,1
34334,11.623000144958496,1
34335,11.623000144958496,1
34361,11.32699966430664,1
34362,11.32699966430664,1
34363,11.378000259399414,1
34364,11.378000259399414,1
34365,11.623000144958496,1
34366,11.623000144958496,1
34367,11.623000144958496,1
34395,11.378000259399414,1
34396,11.378000259399414,1
34397,11.623000144958496,1
34398,11.623000144958496,1
34399,11.623000144958496,1
34428,11.371999740600586,1
34429,11.371999740600586,1
34430,11.371999740600586,1
35094,10.928999900817871,1
35095,11.185999870300293,1
35096,11.185999870300293,1
35097,11.185999870300293,1
35098,10.934000015258789,1
35126,10.956000328063965,1
35127,11.623000144958496,1
35128,11.623000144958496,1
35129,11.623000144958496,1
35130,11.1899995803833,1
35131,11.222000122070312,1
35132,11.222000122070312,1
35133,11.222000122070312,1
35158,10.956000328063965,1
35159,11.623000144958496,1
35160,11.623000144958496,1
35161,11.623000144958496,1
35162,11.696000099182129,1
35163,11.696000099182129,1
35164,11.696000099182129,1
35165,11.378000259399414,1
35190,10.956000328063965,1
35191,11.623000144958496,1
35192,11.623000144958496,1
35193,11.623000144958496,1
35194,11.696000099182129,1
35195,11.696000099182129,1
35196,11.696000099182129,1
35197,11.623000144958496,1
35198,10.888999938964844,1
35223,11.28499984741211,1
35224,11.28499984741211,1
35225,11.623000144958496,1
35226,11.696000099182129,1
35227,11.696000099182129,1
35228,11.696000099182129,1
35229,11.623000144958496,1
35230,11.378000259399414,1
35231,11.378000259399414,1
35255,10.888999938964844,1
35256,10.956000328063965,1
35257,11.623000144958496,1
35258,11.623000144958496,1
35259,11.623000144958496,1
35260,11.623000144958496,1
35261,11.623000144958496,1
35262,11.623000144958496,1
35263,11.623000144958496,1
35289,11.074999809265137,1
35290,11.222000122070312,1
35291,11.222000122070312,1
35292,11.222000122070312,1
35293,11.623000144958496,1
35294,11.623000144958496,1
35295,11.623000144958496,1
35324,10.956000328063965,1
35325,11.623000144958496,1
35326,11.623000144958496,1
35327,11.623000144958496,1
35356,11.185999870300293,1
35357,11.623000144958496,1
35358,11.623000144958496,1
35359,11.623000144958496,1
35388,11.185999870300293,1
35389,11.623000144958496,1
35390,11.623000144958496,1
35391,11.623000144958496,1
35420,11.185999870300293,1
35421,11.185999870300293,1
35422,11.185999870300293,1
36088,10.934000015258789,1
36089,10.934000015258789,1
36090,10.934000015258789,1
36119,10.918000221252441,1
36120,11.1899995803833,1
36121,11.1899995803833,1
36122,11.1899995803833,1
36123,11.079999923706055,1
36124,11.079999923706055,1
36125,10.994000434875488,1
36151,11.28499984741211,1
36152,11.28499984741211,1
36153,11.28499984741211,1
36154,11.696000099182129,1
36155,11.696000099182129,1
36156,11.696000099182129,1
36157,11.378000259399414,1
36183,11.28499984741211,1
36184,11.28499984741211,1
36185,11.28499984741211,1
36186,11.696000099182129,1
36187,11.696000099182129,1
36188,11.696000099182129,1
36189,11.623000144958496,1
36190,10.888999938964844,1
36215,11.28499984741211,1
36216,11.28499984741211,1
36217,11.28499984741211,1
36218,11.696000099182129,1
36219,11.696000099182129,1
36220,11.696000099182129,1
36221,11.623000144958496,1
36222,11.378000259399414,1
36223,11.378000259399414,1
36249,11.074999809265137,1
36250,11.112000465393066,1
36251,11.623000144958496,1
36252,11.623000144958496,1
36253,11.623000144958496,1
36254,11.623000144958496,1
36255,11.623000144958496,1
36281,11.074999809265137,1
36282,11.112000465393066,1
36283,11.112000465393066,1
36284,11.112000465393066,1
36285,11.623000144958496,1
36286,11.623000144958496,1
36287,11.623000144958496,1
36316,10.956000328063965,1
36317,11.623000144958496,1
36318,11.623000144958496,1
36319,11.623000144958496,1
36348,10.883000373840332,1
36349,11.378000259399414,1
36350,11.378000259399414,1
36351,11.378000259399414,1
36381,11.378000259399414,1
36382,11.378000259399414,1
36383,11.378000259399414,1
37112,11.0600004196167,1
37113,11.0600004196167,1
37114,11.079999923706055,1
37115,11.079999923706055,1
37116,11.079999923706055,1
37143,11.28499984741211,1
37144,11.28499984741211,1
37145,11.28499984741211,1
37146,11.696000099182129,1
37147,11.696000099182129,1
37148,11.696000099182129,1
37175,11.28499984741211,1
37176,11.28499984741211,1
37177,11.28499984741211,1
37178,11.696000099182129,1
37179,11.696000099182129,1
37180,11.696000099182129,1
37181,11.623000144958496,1
37182,10.888999938964844,1
37207,11.28499984741211,1
37208,11.28499984741211,1
37209,11.28499984741211,1
37210,11.696000099182129,1
37211,11.696000099182129,1
37212,11.696000099182129,1
37213,11.623000144958496,1
37214,11.378000259399414,1
37215,11.378000259399414,1
37242,10.956000328063965,1
37243,11.623000144958496,1
37244,11.623000144958496,1
37245,11.623000144958496,1
37246,11.623000144958496,1
37247,11.623000144958496,1
37276,10.956000328063965,1
37277,11.623000144958496,1
37278,11.623000144958496,1
37279,11.623000144958496,1
37308,10.956000328063965,1
37309,11.623000144958496,1
37310,11.623000144958496,1
37311,11.623000144958496,1
38106,11.079999923706055,1
38107,11.079999923706055,1
38108,11.079999923706055,1
38135,11.28499984741211,1
38136,11.28499984741211,1
38137,11.28499984741211,1
38138,11.32699966430664,1
38139,11.32699966430664,1
38140,11.32699966430664,1
38167,11.28499984741211,1
38168,11.28499984741211,1
38169,11.28499984741211,1
38170,11.32699966430664,1
38171,11.32699966430664,1
38172,11.32699966430664,1
38173,10.918000221252441,1
38199,11.28499984741211,1
38200,11.28499984741211,1
38201,11.28499984741211,1
38202,11.32699966430664,1
38203,11.32699966430664,1
38204,11.32699966430664,1
38205,10.918000221252441,1
38235,10.918000221252441,1
38236,10.918000221252441,1
38237,10.918000221252441,1
38238,10.918000221252441,1
38239,10.918000221252441,1
38269,10.918000221252441,1
38270,10.918000221252441,1
38271,10.918000221252441,1
38301,10.918000221252441,1
38302,10.918000221252441,1
38303,10.918000221252441,1
41940,11.901000022888184,1
41960,11.901000022888184,1
41980,11.901000022888184,1
42380,11.901000022888184,1
42400,11.901000022888184,1
42420,11.901000022888184,1
42820,11.901000022888184,1
42840,11.901000022888184,1
42860,11.901000022888184,1
44573,11.543000221252441,1
44574,12.574000358581543,1
44575,12.574000358581543,1
44576,12.574000358581543,1
44593,13.031000137329102,1
44594,13.031000137329102,1
44595,13.031000137329102,1
44596,12.574000358581543,1
44613,13.031000137329102,1
44614,13.031000137329102,1
44615,13.031000137329102,1
44616,12.574000358581543,1
44633,13.031000137329102,1
44634,13.031000137329102,1
44635,13.031000137329102,1
44636,10.888999938964844,1
45013,12.53600025177002,1
45014,13.371000289916992,1
45015,13.371000289916992,1
45016,13.371000289916992,1
45033,13.031000137329102,1
45034,14.13599967956543,1
45035,14.13599967956543,1
45036,14.13599967956543,1
45053,13.031000137329102,1
45054,14.13599967956543,1
45055,14.13599967956543,1
45056,14.13599967956543,1
45073,13.031000137329102,1
45074,14.13599967956543,1
45075,14.13599967956543,1
45076,14.13599967956543,1
45453,12.53600025177002,1
45454,13.371000289916992,1
45455,13.371000289916992,1
45456,13.371000289916992,1
45473,13.031000137329102,1
45474,14.13599967956543,1
45475,14.13599967956543,1
45476,14.13599967956543,1
45493,13.031000137329102,1
45494,14.13599967956543,1
45495,14.13599967956543,1
45496,14.13599967956543,1
45513,13.031000137329102,1
45514,14.13599967956543,1
45515,14.13599967956543,1
45516,14.13599967956543,1
45893,12.53600025177002,1
45894,13.371000289916992,1
45895,13.371000289916992,1
45896,13.371000289916992,1
45913,12.605999946594238,1
45914,14.13599967956543,1
45915,14.13599967956543,1
45916,14.13599967956543,1
45933,12.605999946594238,1
45934,14.13599967956543,1
45935,14.13599967956543,1
45936,14.13599967956543,1
45953,12.605999946594238,1
45954,14.13599967956543,1
45955,14.13599967956543,1
45956,14.13599967956543,1
46391,15.293999671936035,1
46392,15.293999671936035,1
46393,15.293999671936035,1
46394,11.949000358581543,1
46411,15.293999671936035,1
46412,15.293999671936035,1
46413,15.293999671936035,1
46414,11.949000358581543,1
46431,15.293999671936035,1
46432,15.293999671936035,1
46433,15.293999671936035,1
46434,11.949000358581543,1
46451,12.234000205993652,1
46452,12.234000205993652,1
46453,12.234000205993652,1
46831,15.293999671936035,1
46832,15.293999671936035,1
46833,15.293999671936035,1
46834,11.949000358581543,1
46851,15.293999671936035,1
46852,15.293999671936035,1
46853,15.293999671936035,1
46854,11.949000358581543,1
46871,15.293999671936035,1
46872,15.293999671936035,1
46873,15.293999671936035,1
46874,11.949000358581543,1
46891,12.234000205993652,1
46892,12.234000205993652,1
46893,12.234000205993652,1
47271,15.293999671936035,1
47272,15.293999671936035,1
47273,15.293999671936035,1
47274,11.949000358581543,1
47291,15.293999671936035,1
47292,15.293999671936035,1
47293,15.293999671936035,1
47294,11.949000358581543,1
47311,15.293999671936035,1
47312,15.293999671936035,1
47313,15.293999671936035,1
47314,11.949000358581543,1
47331,12.234000205993652,1
47332,12.234000205993652,1
47333,12.234000205993652,1
48747,11.744000434875488,1
48748,12.402999877929688,1
48749,12.402999877929688,1
48750,12.402999877929688,1
48767,11.744000434875488,1
48768,12.402999877929688,1
48769,12.90999984741211,1
48770,12.90999984741211,1
48771,12.90999984741211,1
48787,11.744000434875488,1
48788,12.402999877929688,1
48789,12.90999984741211,1
48790,12.90999984741211,1
48791,12.90999984741211,1
48808,12.157999992370605,1
48809,12.90999984741211,1
48810,12.90999984741211,1
48811,12.90999984741211,1
48828,12.079000473022461,1
48829,12.151000022888184,1
48830,12.151000022888184,1
48831,12.151000022888184,1
49186,11.862000465393066,1
49187,12.625,1
49188,12.625,1
49189,12.625,1
49190,12.402999877929688,1
49207,13.8100004196167,1
49208,13.8100004196167,1
49209,13.8100004196167,1
49210,13.369000434875488,1
49211,13.369000434875488,1
49212,11.133999824523926,1
49227,13.8100004196167,1
49228,13.8100004196167,1
49229,13.8100004196167,1
49230,13.527999877929688,1
49231,13.527999877929688,1
49232,13.126999855041504,1
49247,13.8100004196167,1
49248,13.8100004196167,1
49249,13.8100004196167,1
49250,14.277999877929688,1
49251,14.277999877929688,1
49252,14.277999877929688,1
49253,13.326000213623047,1
49268,12.4350004196167,1
49269,13.527999877929688,1
49270,14.277999877929688,1
49271,14.277999877929688,1
49272,14.277999877929688,1
49273,13.326000213623047,1
49274,11.300000190734863,1
49290,14.277999877929688,1
49291,14.277999877929688,1
49292,14.277999877929688,1
49293,13.326000213623047,1
49294,11.300000190734863,1
49311,12.196999549865723,1
49312,12.196999549865723,1
49313,12.196999549865723,1
49314,11.300000190734863,1
49626,11.862000465393066,1
49627,12.625,1
49628,12.625,1
49629,12.625,1
49630,12.402999877929688,1
49646,12.52299976348877,1
49647,13.8100004196167,1
49648,14.904999732971191,1
49649,14.904999732971191,1
49650,14.904999732971191,1
49651,13.369000434875488,1
49652,11.133999824523926,1
49666,12.52299976348877,1
49667,13.8100004196167,1
49668,14.904999732971191,1
49669,14.904999732971191,1
49670,14.904999732971191,1
49671,13.527999877929688,1
49672,13.126999855041504,1
49686,12.52299976348877,1
49687,13.8100004196167,1
49688,14.904999732971191,1
49689,14.904999732971191,1
49690,14.904999732971191,1
49691,14.277999877929688,1
49692,14.277999877929688,1
49693,13.326000213623047,1
49708,13.190999984741211,1
49709,13.527999877929688,1
49710,14.277999877929688,1
49711,14.277999877929688,1
49712,14.277999877929688,1
49713,13.326000213623047,1
49714,11.300000190734863,1
49730,14.277999877929688,1
49731,14.277999877929688,1
49732,14.277999877929688,1
49733,13.326000213623047,1
49734,11.300000190734863,1
49751,12.376999855041504,1
49752,12.376999855041504,1
49753,12.376999855041504,1
49754,11.300000190734863,1
50066,11.862000465393066,1
50067,12.625,1
50068,12.625,1
50069,12.625,1
50070,12.361000061035156,1
50086,12.52299976348877,1
50087,13.8100004196167,1
50088,14.904999732971191,1
50089,14.904999732971191,1
50090,14.904999732971191,1
50091,13.369000434875488,1
50092,11.133999824523926,1
50106,12.52299976348877,1
50107,13.8100004196167,1
50108,14.904999732971191,1
50109,14.904999732971191,1
50110,14.904999732971191,1
50111,13.527999877929688,1
50112,13.126999855041504,1
50126,12.52299976348877,1
50127,13.8100004196167,1
50128,14.904999732971191,1
50129,14.904999732971191,1
50130,14.904999732971191,1
50131,14.277999877929688,1
50132,14.277999877929688,1
50133,13.326000213623047,1
50147,13.543000221252441,1
50148,13.543000221252441,1
50149,13.543000221252441,1
50150,14.277999877929688,1
50151,14.277999877929688,1
50152,14.277999877929688,1
50153,13.326000213623047,1
50154,11.300000190734863,1
50169,12.883000373840332,1
50170,14.277999877929688,1
50171,14.277999877929688,1
50172,14.277999877929688,1
50173,13.326000213623047,1
50174,11.300000190734863,1
50190,12.126999855041504,1
50191,12.376999855041504,1
50192,12.376999855041504,1
50193,12.376999855041504,1
50194,11.300000190734863,1
50507,11.723999977111816,1
50508,11.723999977111816,1
50509,11.723999977111816,1
50526,12.52299976348877,1
50527,13.649999618530273,1
50528,14.904999732971191,1
50529,14.904999732971191,1
50530,14.904999732971191,1
50531,11.128999710083008,1
50546,12.52299976348877,1
50547,13.649999618530273,1
50548,14.904999732971191,1
50549,14.904999732971191,1
50550,14.904999732971191,1
50551,12.84000015258789,1
50552,11.237000465393066,1
50566,12.52299976348877,1
50567,13.649999618530273,1
50568,14.904999732971191,1
50569,14.904999732971191,1
50570,14.904999732971191,1
50571,12.883000373840332,1
50572,12.241999626159668,1
50573,11.597999572753906,1
50587,13.543000221252441,1
50588,13.543000221252441,1
50589,13.543000221252441,1
50590,13.190999984741211,1
50591,12.883000373840332,1
50592,12.376999855041504,1
50593,12.376999855041504,1
50609,12.883000373840332,1
50610,12.883000373840332,1
50611,12.883000373840332,1
50612,12.376999855041504,1
50613,12.376999855041504,1
50630,12.126999855041504,1
50631,12.376999855041504,1
50632,12.376999855041504,1
50633,12.376999855041504,1
50967,12.862000465393066,1
50968,12.862000465393066,1
50969,12.862000465393066,1
50987,13.543000221252441,1
50988,13.543000221252441,1
50989,13.543000221252441,1
50990,12.84000015258789,1
50991,12.84000015258789,1
51007,13.543000221252441,1
51008,13.543000221252441,1
51009,13.543000221252441,1
51010,12.883000373840332,1
51011,12.883000373840332,1
51012,11.02299976348877,1
51027,13.543000221252441,1
51028,13.543000221252441,1
51029,13.543000221252441,1
51030,12.883000373840332,1
51031,12.883000373840332,1
51032,12.126999855041504,1
51049,12.883000373840332,1
51050,12.883000373840332,1
51051,12.883000373840332,1
51052,12.126999855041504,1
51070,12.126999855041504,1
51071,12.126999855041504,1
51072,12.126999855041504,1
