,scores
281,25.1200008392
282,26.9319992065
283,26.9319992065
284,26.9319992065
290,25.1200008392
291,29.0359992981
292,29.0359992981
293,29.0359992981
294,25.1840000153
299,30.25
300,37.7080001831
301,37.7080001831
302,37.7080001831
303,33.1500015259
389,25.1200008392
390,26.9319992065
391,26.9319992065
392,26.9319992065
393,21.4400005341
398,25.1200008392
399,29.0359992981
400,29.0359992981
401,29.0359992981
402,25.1840000153
407,30.25
408,37.7080001831
409,37.7080001831
410,37.7080001831
411,33.1500015259
506,23.4300003052
507,25.5119991302
508,25.5119991302
509,25.5119991302
515,29.3659992218
516,36.7280006409
517,36.7280006409
518,36.7280006409
519,31.2019996643
618,30.9379997253
624,29.5960006714
625,29.5960006714
626,29.5960006714
627,32.6300010681
722,22.6800003052
726,30.9379997253
735,32.6300010681
785,27.1439990997
794,27.1439990997
803,27.25
812,27.25
821,54.5
830,49.9280014038
834,61.8759994507
843,65.2600021362
884,29.6060009003
885,29.6060009003
886,29.232000351
887,29.232000351
893,29.6060009003
894,29.6060009003
895,29.232000351
896,29.232000351
902,29.6060009003
903,29.6060009003
904,29.232000351
905,29.232000351
911,29.1760005951
920,27.25
929,27.2840003967
938,27.2840003967
939,27.2840003967
947,27.2840003967
948,27.2840003967
992,29.6060009003
993,29.6060009003
994,29.232000351
995,29.232000351
1001,29.6060009003
1002,29.6060009003
1003,29.232000351
1004,29.232000351
1010,29.6060009003
1011,29.6060009003
1012,29.232000351
1019,30.436000824
1020,30.436000824
1028,33.2379989624
1029,33.2379989624
1037,33.2379989624
1038,33.2379989624
1046,33.2379989624
1047,33.2379989624
1100,29.6060009003
1101,29.6060009003
1102,29.232000351
1103,29.232000351
1104,23.6359996796
1109,29.6060009003
1110,29.6060009003
1111,29.232000351
1112,29.232000351
1113,23.6359996796
1118,29.6060009003
1119,29.6060009003
1120,29.232000351
1121,29.232000351
1127,30.436000824
1128,30.436000824
1129,24.986000061
1136,33.2379989624
1137,33.2379989624
1145,33.2379989624
1146,33.2379989624
1154,33.2379989624
1155,33.2379989624
1163,27.2840003967
1164,27.2840003967
1208,27.8320007324
1209,27.8320007324
1210,24.9799995422
1217,27.6399993896
1218,26.3659992218
1219,24.8260002136
1226,26.2479991913
1227,25.3980007172
1228,23.5520000458
1235,30.436000824
1236,30.436000824
1244,33.2379989624
1245,33.2379989624
1253,33.2379989624
1254,33.2379989624
1262,33.2379989624
1263,33.2379989624
1316,27.8320007324
1317,27.8320007324
1318,24.9799995422
1325,27.6399993896
1326,26.3659992218
1327,24.8260002136
1343,30.0079994202
1352,30.0079994202
1361,30.0079994202
3792,23.672000885
3793,27.3680000305
3794,27.3680000305
3795,38.8479995728
3796,38.8479995728
3797,41.2560005188
3798,45.5519981384
3799,49.7919998169
3800,49.7919998169
3801,49.7919998169
3802,43.5120010376
3803,43.2159996033
3804,41.0519981384
3805,41.0519981384
3806,41.0519981384
3807,38.8759994507
3808,36.1440010071
3830,28.9960002899
3831,29.3560009003
3832,37.1839981079
3833,42.3479995728
3834,49.7919998169
3835,49.7919998169
3836,49.7919998169
3837,43.4920005798
3838,43.2159996033
3839,39.2439994812
3840,31.6319999695
3841,30.4519996643
3842,25.4239997864
3868,37.5999984741
3869,37.5999984741
3870,37.5999984741
3871,37.4440002441
3872,37.4440002441
3873,31.8640003204
3874,29.4720001221
3903,25.6639995575
3904,29.4960002899
3905,29.4960002899
3906,29.4960002899
3907,24.4599990845
4259,13.001999855
4260,13.001999855
4261,13.001999855
4294,13.5520000458
4295,13.5520000458
4296,13.5520000458
4329,13.5520000458
4330,13.5520000458
4331,13.5520000458
4364,13.5520000458
4365,13.5520000458
4366,13.5520000458
4844,26.6959991455
4845,30.4279994965
4846,37.7039985657
4847,37.7039985657
4848,45.5519981384
4849,49.7919998169
4850,49.7919998169
4851,49.7919998169
4852,40.1279983521
4853,35.4920005798
4854,33.5079994202
4855,28.6240005493
4856,25.1520004272
4857,25.1520004272
4881,28.236000061
4882,28.236000061
4883,42.3479995728
4884,49.7919998169
4885,49.7919998169
4886,49.7919998169
4887,39.65599823
4888,30.3120002747
4889,24.8560009003
4919,36.2879981995
4920,36.2879981995
4921,36.2879981995
5241,12.9479999542
5242,12.9479999542
5243,12.9479999542
5276,12.9479999542
5277,12.9479999542
5278,12.9479999542
5309,13.001999855
5310,13.001999855
5311,13.001999855
5312,12.9479999542
5313,12.9479999542
5344,13.5520000458
5345,13.5520000458
5346,13.5520000458
5895,24.8880004883
5896,24.8880004883
5897,29.2800006866
5898,39.8120002747
5899,49.7919998169
5900,49.7919998169
5901,49.7919998169
5902,37.4440002441
5903,31.6439990997
5931,23.4400005341
5932,23.4400005341
5933,28.4319992065
5934,49.7919998169
5935,49.7919998169
5936,49.7919998169
5937,36.7120018005
5938,25.263999939
5969,24.3759994507
5970,24.3759994507
5971,24.3759994507
6256,12.0419998169
6257,12.0419998169
6258,12.0419998169
6290,14.765999794
6291,15.3780002594
6292,15.3780002594
6293,15.3780002594
6324,15.281999588
6325,15.281999588
6326,16.9379997253
6327,16.9379997253
6328,16.9379997253
6359,20.968000412
6360,20.968000412
6361,20.968000412
6362,16.9379997253
6363,16.9379997253
6394,20.968000412
6395,20.968000412
6396,20.968000412
6397,16.9379997253
6398,16.9379997253
6424,11.9040002823
6429,20.968000412
6430,20.968000412
6431,20.968000412
6432,15.9899997711
6433,15.9899997711
6459,11.9040002823
6468,13.9479999542
6494,11.9040002823
6495,11.9040002823
6496,13.3859996796
6503,13.9479999542
6531,13.3859996796
6566,13.3859996796
6567,13.3859996796
6601,12.8640003204
6602,12.8640003204
6603,12.8640003204
6945,24.8880004883
6946,24.8880004883
6947,28.1800003052
6948,39.6959991455
6949,39.6959991455
6950,39.6959991455
6951,35.9480018616
6952,30.0559997559
6953,24.763999939
6983,26.2560005188
6984,31.2759990692
6985,31.2759990692
6986,31.2759990692
6987,26.3040008545
7260,12.2159996033
7261,12.2159996033
7262,12.2159996033
7270,12.8319997787
7271,16.2980003357
7272,16.2980003357
7273,16.2980003357
7295,12.2159996033
7296,12.2159996033
7297,12.2159996033
7305,12.8319997787
7306,17.0879993439
7307,17.0879993439
7308,17.0879993439
7328,12.8000001907
7329,12.8000001907
7330,12.8000001907
7331,12.2159996033
7332,12.2159996033
7340,15.9020004272
7341,17.8360004425
7342,17.8360004425
7343,17.8360004425
7344,13.3739995956
7363,12.8000001907
7364,12.8000001907
7365,15.4200000763
7366,15.4200000763
7367,15.4200000763
7368,11.6619997025
7374,18.0480003357
7375,18.0480003357
7376,18.0480003357
7377,17.954000473
7378,17.954000473
7379,15.248000145
7398,12.8000001907
7399,13.4519996643
7400,15.4200000763
7401,15.4200000763
7402,15.4200000763
7403,14.954000473
7409,21.8600006104
7410,23.5900001526
7411,23.5900001526
7412,23.5900001526
7413,17.954000473
7414,15.248000145
7434,13.4519996643
7435,15.4200000763
7436,15.4200000763
7437,15.4200000763
7438,14.954000473
7443,15.0120000839
7444,21.8600006104
7445,23.5900001526
7446,23.5900001526
7447,23.5900001526
7448,17.954000473
7449,15.248000145
7469,13.4519996643
7470,14.4960002899
7471,14.954000473
7472,14.954000473
7473,14.954000473
7474,11.9040002823
7478,15.0120000839
7479,21.8600006104
7480,23.5900001526
7481,23.5900001526
7482,23.5900001526
7483,17.5620002747
7484,13.6899995804
7505,11.6459999084
7506,13.2139997482
7507,13.3920001984
7508,14.0
7509,14.0
7513,12.3380002975
7514,16.7700004578
7518,17.468000412
7519,16.8320007324
7520,13.5819997787
7542,14.2539997101
7543,15.454000473
7544,15.454000473
7545,17.2420005798
7546,17.2420005798
7547,17.2420005798
7548,13.3859996796
7553,17.468000412
7554,16.8320007324
7555,13.5819997787
7577,14.2539997101
7578,15.454000473
7579,15.454000473
7580,17.2420005798
7581,17.2420005798
7582,17.2420005798
7583,13.3859996796
7588,16.8320007324
7589,16.8320007324
7590,13.5819997787
7612,14.2539997101
7613,15.454000473
7614,15.454000473
7615,17.2420005798
7616,17.2420005798
7617,17.2420005798
7618,13.3859996796
7619,12.3360004425
7620,12.3360004425
7621,12.3360004425
7622,12.2019996643
7623,12.2019996643
7624,12.2019996643
7650,13.3979997635
7651,13.3979997635
7652,13.3979997635
7653,12.8640003204
7654,12.3360004425
7655,12.3360004425
7656,12.3360004425
7689,12.3360004425
7690,12.3360004425
7691,12.3360004425
7997,28.1800003052
7998,33.3880004883
7999,33.3880004883
8000,33.3880004883
8001,25.6439990997
8002,25.3360004425
8033,26.2560005188
8034,26.2560005188
8035,26.2560005188
8286,12.6079998016
8287,12.6079998016
8288,12.6079998016
8309,12.6820001602
8310,12.6820001602
8311,12.6820001602
8312,12.2159996033
8320,13.1219997406
8321,16.6340007782
8322,16.6340007782
8323,16.6340007782
8324,12.470000267
8344,12.6820001602
8345,12.6820001602
8346,12.6820001602
8347,12.2159996033
8355,15.4720001221
8356,17.0879993439
8357,17.0879993439
8358,17.0879993439
8359,15.3540000916
8378,12.8000001907
8379,12.9779996872
8380,15.7220001221
8381,15.7220001221
8382,15.7220001221
8390,18.9239997864
8391,18.9239997864
8392,18.9239997864
8393,17.8360004425
8394,15.3540000916
8395,13.3299999237
8413,12.8000001907
8414,16.1879997253
8415,16.1879997253
8416,16.1879997253
8417,15.7220001221
8418,13.531999588
8424,18.0480003357
8425,18.9239997864
8426,18.9239997864
8427,18.9239997864
8428,17.9599990845
8429,15.3540000916
8430,13.3299999237
8448,12.8000001907
8449,16.1879997253
8450,16.6979999542
8451,16.6979999542
8452,17.7080001831
8453,17.7080001831
8454,17.7080001831
8463,17.9599990845
8464,15.248000145
8465,13.3299999237
8483,12.4440002441
8484,16.1879997253
8485,16.9899997711
8486,17.7740001678
8487,17.7740001678
8488,17.7740001678
8489,17.7080001831
8490,15.5860004425
8493,15.3039999008
8499,15.248000145
8500,12.1359996796
8520,16.9899997711
8521,19.6019992828
8522,19.6019992828
8523,19.6019992828
8525,16.1879997253
8527,15.482000351
8528,16.1459999084
8534,15.748000145
8535,14.1099996567
8536,12.6319999695
8556,19.6019992828
8557,19.6019992828
8558,20.0699996948
8559,20.0699996948
8560,20.0699996948
8561,16.7460002899
8562,16.7460002899
8563,17.2779998779
8564,17.2779998779
8565,21.5219993591
8566,21.5219993591
8567,21.5219993591
8568,19.8379993439
8569,18.8880004883
8570,17.8099994659
8571,16.5960006714
8572,12.9720001221
8573,12.9720001221
8574,12.4420003891
8591,19.6019992828
8592,19.6019992828
8593,20.0699996948
8594,20.0699996948
8595,20.0699996948
8596,18.2719993591
8597,18.2719993591
8598,17.2779998779
8599,17.2779998779
8602,18.8880004883
8603,18.8880004883
8604,18.8880004883
8605,17.8099994659
8606,16.5960006714
8607,14.9659996033
8608,12.9720001221
8609,12.4420003891
8627,18.2719993591
8628,20.0699996948
8629,20.0699996948
8630,20.0699996948
8631,18.2719993591
8632,18.2719993591
8633,17.2779998779
8634,17.2779998779
8637,18.8880004883
8638,18.8880004883
8639,18.8880004883
8640,17.8099994659
8641,16.5960006714
8642,14.9659996033
8643,12.9720001221
8644,12.4420003891
8662,14.6479997635
8663,15.7899999619
8664,16.7420005798
8665,18.2719993591
8666,18.2719993591
8667,18.2719993591
8668,15.1979999542
8669,16.5259990692
8670,16.5259990692
8671,16.5259990692
8672,17.1100006104
8673,17.1100006104
8674,17.1100006104
8675,14.9659996033
8676,14.9659996033
8677,14.9659996033
8698,12.267999649
8699,15.9399995804
8700,16.1499996185
8701,16.1499996185
8702,16.1499996185
8703,14.8380002975
8704,16.5259990692
8705,16.5259990692
8706,16.5259990692
8707,16.0100002289
8708,16.0100002289
8709,15.1619997025
8738,14.8380002975
8739,16.1779994965
8740,16.1779994965
8741,16.1779994965
8742,13.5419998169
8743,13.5419998169
8774,13.482000351
8775,13.482000351
8776,13.482000351
8777,11.6459999084
8809,12.0419998169
8810,12.0419998169
8811,12.0419998169
8812,11.6379995346
9291,12.6820001602
9292,12.6820001602
9293,12.6820001602
9301,11.6840000153
9302,11.6840000153
9303,11.6840000153
9325,11.6619997025
9326,12.6820001602
9327,12.6820001602
9328,12.6820001602
9335,15.7159996033
9336,16.2600002289
9337,16.2600002289
9338,16.2600002289
9339,13.0200004578
9359,12.6820001602
9360,12.6820001602
9361,12.6820001602
9362,12.6820001602
9363,12.6820001602
9370,15.7159996033
9371,17.0400009155
9372,17.0400009155
9373,17.0400009155
9374,15.517999649
9394,12.6820001602
9395,12.6820001602
9396,12.6820001602
9397,12.2159996033
9398,12.3360004425
9405,18.8759994507
9406,18.8759994507
9407,22.5340003967
9408,22.5340003967
9409,22.5340003967
9410,12.5959997177
9428,12.8000001907
9429,12.9779996872
9430,18.545999527
9431,18.545999527
9432,18.545999527
9433,16.1539993286
9439,21.5580005646
9440,21.5580005646
9441,21.5580005646
9442,22.5340003967
9443,22.5340003967
9444,22.5340003967
9445,16.8080005646
9463,12.8000001907
9464,18.7159996033
9465,18.7159996033
9466,18.7159996033
9467,18.6800003052
9468,18.6800003052
9469,16.7660007477
9474,21.5580005646
9475,21.7140007019
9476,21.7140007019
9477,22.5340003967
9478,22.5340003967
9479,22.5340003967
9480,17.436000824
9481,13.0039997101
9498,12.8000001907
9499,18.7159996033
9500,18.7159996033
9501,18.9640007019
9502,18.9640007019
9503,18.9640007019
9504,17.7080001831
9514,19.6840000153
9515,17.436000824
9516,13.0039997101
9533,12.4440002441
9534,18.7159996033
9535,18.7159996033
9536,18.9640007019
9537,18.9640007019
9538,18.9640007019
9539,17.7080001831
9540,16.6679992676
9541,16.6679992676
9542,16.6679992676
9543,18.2140007019
9549,20.077999115
9550,17.436000824
9551,13.0039997101
9569,18.3980007172
9570,18.5820007324
9571,19.6019992828
9572,19.6019992828
9573,21.8680000305
9574,21.8680000305
9575,21.8680000305
9576,20.236000061
9577,18.1439990997
9578,18.3719997406
9584,20.077999115
9585,18.0839996338
9586,18.0839996338
9587,18.0839996338
9588,17.8980007172
9589,15.7539997101
9605,18.5820007324
9606,19.6019992828
9607,19.6019992828
9608,22.4160003662
9609,22.4160003662
9610,22.4160003662
9611,21.6280002594
9612,18.8479995728
9613,18.3719997406
9614,22.1599998474
9615,22.1599998474
9616,22.1599998474
9617,21.5219993591
9618,21.2299995422
9619,20.7579994202
9620,25.3040008545
9621,25.3040008545
9622,25.3040008545
9623,22.986000061
9624,22.986000061
9625,22.3780002594
9641,19.6019992828
9642,19.6019992828
9643,22.4160003662
9644,22.4160003662
9645,22.4160003662
9646,21.6280002594
9647,18.8479995728
9648,18.3719997406
9649,19.7740001678
9650,19.7740001678
9651,21.3400001526
9652,21.3400001526
9653,21.3400001526
9654,20.7579994202
9655,25.3040008545
9656,25.3040008545
9657,25.3040008545
9658,22.986000061
9659,22.986000061
9660,22.3780002594
9677,18.545999527
9678,22.4160003662
9679,22.4160003662
9680,22.4160003662
9681,21.6280002594
9682,18.8479995728
9683,17.6219997406
9684,19.1180000305
9685,19.1180000305
9686,21.3400001526
9687,21.3400001526
9688,21.3400001526
9689,20.7579994202
9690,25.3040008545
9691,25.3040008545
9692,25.3040008545
9693,22.986000061
9694,22.986000061
9695,22.3780002594
9712,16.517999649
9713,18.6800003052
9714,18.6800003052
9715,18.6800003052
9716,18.2719993591
9717,18.2719993591
9718,17.5200004578
9719,19.1180000305
9720,19.1180000305
9721,21.3400001526
9722,22.1100006104
9723,22.1100006104
9724,22.1100006104
9725,21.577999115
9726,21.577999115
9727,21.577999115
9728,18.7600002289
9729,15.9320001602
9730,15.9320001602
9747,12.6800003052
9748,13.3400001526
9749,16.5359992981
9750,16.7660007477
9751,16.7660007477
9752,16.7660007477
9753,16.9759998322
9754,19.4160003662
9755,19.4160003662
9756,20.5979995728
9757,22.1100006104
9758,22.1100006104
9759,22.1100006104
9760,12.0480003357
9761,11.8280000687
9762,11.8280000687
9763,11.8280000687
9785,16.1959991455
9786,16.1959991455
9787,16.7059993744
9788,16.7059993744
9789,19.4160003662
9790,19.4160003662
9791,19.4160003662
9792,22.1100006104
9793,22.1100006104
9794,22.1100006104
9820,12.4879999161
9821,12.4879999161
9822,15.1219997406
9823,15.9040002823
9824,19.4160003662
9825,19.4160003662
9826,19.4160003662
9827,16.063999176
9828,16.063999176
9829,16.063999176
9858,15.9040002823
9859,17.0480003357
9860,17.0480003357
9861,17.0480003357
9862,16.0620002747
9863,16.0620002747
9864,16.0620002747
9893,13.2239999771
9894,16.3759994507
9895,16.3759994507
9896,16.3759994507
9897,15.1800003052
9898,15.1800003052
9899,15.1800003052
10341,12.6820001602
10342,12.6820001602
10343,12.6820001602
10347,11.704000473
10348,11.704000473
10349,13.732000351
10350,14.7060003281
10351,14.7060003281
10352,14.7060003281
10353,14.3079996109
10354,12.4160003662
10355,11.8699998856
10375,11.6619997025
10376,12.6820001602
10377,12.6820001602
10378,12.6820001602
10379,13.9340000153
10383,16.2759990692
10384,16.8659992218
10385,16.8659992218
10386,16.9979991913
10387,16.9979991913
10388,16.9979991913
10389,15.8079996109
10390,15.1339998245
10391,12.7779998779
10409,12.6820001602
10410,12.6820001602
10411,12.6820001602
10412,15.5920000076
10413,15.5920000076
10414,15.5920000076
10420,19.2759990692
10421,18.6979999542
10422,18.6979999542
10423,18.6979999542
10424,18.7460002899
10425,18.7460002899
10426,18.7460002899
10427,16.0219993591
10443,12.8000001907
10444,12.8000001907
10445,14.3800001144
10446,14.3800001144
10447,17.6639995575
10448,18.281999588
10449,18.281999588
10454,21.577999115
10455,21.577999115
10456,21.7099990845
10457,22.5340003967
10458,22.5340003967
10459,22.5340003967
10460,20.0219993591
10461,19.0200004578
10462,16.5440006256
10463,13.4280004501
10477,12.1180000305
10478,14.3760004044
10479,15.6800003052
10480,18.545999527
10481,18.545999527
10482,18.545999527
10483,18.281999588
10484,18.281999588
10489,23.2080001831
10490,23.2080001831
10491,22.2259998322
10492,22.5340003967
10493,22.5340003967
10494,22.5340003967
10495,20.0219993591
10496,19.0400009155
10497,19.0400009155
10498,13.998000145
10512,12.1180000305
10513,14.3760004044
10514,20.218000412
10515,20.218000412
10516,20.218000412
10517,19.5520000458
10518,19.5520000458
10519,19.5520000458
10524,23.2080001831
10525,23.6900005341
10526,23.6900005341
10527,23.6900005341
10528,23.5900001526
10529,22.5340003967
10530,20.1219997406
10531,20.1219997406
10532,20.1219997406
10533,20.5939998627
10534,20.5939998627
10535,20.5939998627
10547,12.1180000305
10548,14.3760004044
10549,20.218000412
10550,20.218000412
10551,20.218000412
10552,20.218000412
10553,20.218000412
10554,20.218000412
10555,18.9500007629
10559,23.2080001831
10560,23.6900005341
10561,23.6900005341
10562,23.6900005341
10563,23.5900001526
10564,22.313999176
10565,20.8239994049
10566,20.8239994049
10567,20.8239994049
10568,20.968000412
10569,20.968000412
10570,20.968000412
10571,11.6400003433
10583,12.4440002441
10584,20.218000412
10585,20.218000412
10586,20.218000412
10587,20.218000412
10588,20.218000412
10589,20.218000412
10590,19.1539993286
10591,19.1539993286
10592,19.1539993286
10593,19.8799991608
10598,23.5900001526
10599,23.3759994507
10600,22.767999649
10601,22.767999649
10602,22.767999649
10603,20.968000412
10604,20.968000412
10605,20.968000412
10606,14.9600000381
10619,18.3980007172
10620,18.5820007324
10621,19.6019992828
10622,20.218000412
10623,21.8680000305
10624,21.8680000305
10625,21.8680000305
10626,20.5279998779
10627,19.1539993286
10628,18.3719997406
10634,23.3759994507
10635,22.767999649
10636,22.767999649
10637,22.767999649
10638,20.968000412
10639,20.968000412
10640,20.968000412
10641,16.0480003357
10642,14.1680002213
10655,18.5820007324
10656,19.6019992828
10657,19.6019992828
10658,22.4160003662
10659,22.4160003662
10660,22.4160003662
10661,21.6280002594
10662,19.9979991913
10663,19.9979991913
10664,22.1599998474
10665,22.1599998474
10666,23.232000351
10667,23.3759994507
10668,25.9619998932
10669,25.9619998932
10670,25.9619998932
10671,25.6060009003
10672,25.327999115
10673,23.1459999084
10674,23.1459999084
10675,22.3780002594
10676,16.25
10677,14.1680002213
10691,19.6019992828
10692,19.6019992828
10693,22.4160003662
10694,22.4160003662
10695,22.4160003662
10696,21.6280002594
10697,20.218000412
10698,21.7600002289
10699,21.7600002289
10700,21.7600002289
10701,23.232000351
10702,23.232000351
10703,25.9619998932
10704,25.9619998932
10705,25.9619998932
10706,25.6060009003
10707,25.327999115
10708,23.1459999084
10709,23.1459999084
10710,23.013999939
10711,16.8880004883
10712,14.1680002213
10727,18.545999527
10728,22.4160003662
10729,22.4160003662
10730,23.017999649
10731,23.017999649
10732,23.017999649
10733,21.7600002289
10734,21.7600002289
10735,21.7600002289
10736,21.6940002441
10737,21.6940002441
10738,25.9619998932
10739,25.9619998932
10740,25.9619998932
10741,25.6060009003
10742,25.327999115
10743,23.2199993134
10744,23.1459999084
10745,23.013999939
10746,16.8880004883
10747,12.4420003891
10762,16.517999649
10763,18.9799995422
10764,18.9799995422
10765,23.017999649
10766,23.017999649
10767,23.017999649
10768,21.7600002289
10769,21.7600002289
10770,21.7600002289
10771,22.3640003204
10772,22.3640003204
10773,22.7840003967
10774,23.7099990845
10775,24.4500007629
10776,24.4500007629
10777,24.4500007629
10778,23.2199993134
10779,23.013999939
10780,23.013999939
10781,16.8880004883
10797,14.2899999619
10798,18.0240001678
10799,18.0240001678
10800,23.017999649
10801,23.017999649
10802,23.017999649
10803,20.8159999847
10804,20.8159999847
10805,20.8159999847
10806,22.3640003204
10807,22.3640003204
10808,22.4020004272
10809,24.1679992676
10810,24.1679992676
10811,24.1679992676
10812,23.781999588
10813,23.2199993134
10814,21.8680000305
10815,19.0480003357
10816,15.9580001831
10832,12.9580001831
10833,14.7440004349
10834,16.8700008392
10835,19.8640003204
10836,20.0860004425
10837,20.0860004425
10838,20.0860004425
10839,19.6620006561
10840,19.482000351
10841,22.3640003204
10842,22.3640003204
10843,22.3640003204
10844,24.1679992676
10845,24.1679992676
10846,24.1679992676
10847,23.3859996796
10848,22.5259990692
10849,21.8680000305
10850,19.0480003357
10851,13.9160003662
10868,14.6520004272
10869,16.8700008392
10870,19.8640003204
10871,19.8640003204
10872,19.8640003204
10873,18.4519996643
10874,19.482000351
10875,19.482000351
10876,21.7259998322
10877,21.8959999084
10878,21.8959999084
10879,24.1679992676
10880,24.1679992676
10881,24.1679992676
10882,23.3859996796
10883,22.5259990692
10884,18.4340000153
10885,14.2720003128
10886,13.9160003662
10903,13.1859998703
10904,16.8700008392
10905,16.8700008392
10906,16.8700008392
10907,16.1639995575
10908,17.6459999084
10909,19.482000351
10910,19.482000351
10911,21.7259998322
10912,21.8959999084
10913,21.8959999084
10914,21.8959999084
10915,19.0900001526
10916,21.8659992218
10917,21.8659992218
10918,21.8659992218
10919,20.3460006714
10920,20.3460006714
10921,13.1120004654
10922,13.1120004654
10923,13.1120004654
10939,14.4720001221
10940,16.1639995575
10941,16.1639995575
10942,16.1639995575
10943,15.013999939
10944,16.3759994507
10945,17.9139995575
10946,20.6480007172
10947,20.6480007172
10948,20.6480007172
10949,16.9239997864
10950,16.9239997864
10951,18.4759998322
10952,18.4759998322
10953,20.3460006714
10954,20.3460006714
10955,20.3460006714
10956,13.4879999161
10957,13.4879999161
10958,13.1120004654
11331,11.6120004654
11332,11.6120004654
11333,11.6120004654
11362,11.6820001602
11363,11.6820001602
11364,11.6820001602
11365,14.0340003967
11366,14.0340003967
11367,14.0340003967
11368,13.8800001144
11391,12.6820001602
11392,12.6820001602
11393,12.6820001602
11396,12.2880001068
11397,13.234000206
11398,14.4739999771
11399,17.2919998169
11400,17.5720005035
11401,17.5720005035
11402,17.5720005035
11403,15.5819997787
11404,15.5819997787
11405,13.7980003357
11406,12.4040002823
11425,11.6619997025
11426,12.6820001602
11427,12.6820001602
11428,12.6820001602
11429,13.9340000153
11430,15.8400001526
11431,15.8400001526
11432,17.013999939
11433,18.2259998322
11434,21.1319999695
11435,21.1319999695
11436,21.1319999695
11437,20.1660003662
11438,19.9619998932
11439,19.9619998932
11440,19.1380004883
11441,17.0440006256
11442,16.3600006104
11459,12.3400001526
11460,12.4560003281
11461,12.6820001602
11462,15.6979999542
11463,17.732000351
11464,17.732000351
11465,17.732000351
11466,18.9479999542
11467,19.9580001831
11468,21.045999527
11469,22.1420001984
11470,22.1420001984
11471,22.1420001984
11472,20.5659999847
11473,22.0960006714
11474,22.0960006714
11475,22.0960006714
11476,19.6180000305
11477,19.4979991913
11478,16.482000351
11493,12.8000001907
11494,14.7419996262
11495,16.1060009003
11496,17.9599990845
11497,18.2719993591
11498,18.281999588
11499,18.281999588
11500,18.281999588
11501,19.6800003052
11502,19.9580001831
11503,23.6900005341
11504,23.6900005341
11505,27.4500007629
11506,27.4500007629
11507,27.4500007629
11508,23.7940006256
11509,22.763999939
11510,22.0960006714
11511,20.4599990845
11512,20.4599990845
11513,17.6060009003
11514,13.7620000839
11527,12.1180000305
11528,14.3760004044
11529,15.6800003052
11530,18.686000824
11531,18.9640007019
11532,18.9640007019
11533,18.9640007019
11534,20.218000412
11535,20.218000412
11536,20.968000412
11537,20.968000412
11538,23.6900005341
11539,23.6900005341
11540,27.4500007629
11541,27.4500007629
11542,27.4500007629
11543,24.5020008087
11544,24.5020008087
11545,22.1959991455
11546,21.5739994049
11547,21.5739994049
11548,21.5739994049
11549,18.422000885
11550,13.3940000534
11562,12.1180000305
11563,14.3760004044
11564,20.218000412
11565,20.218000412
11566,20.218000412
11567,19.5520000458
11568,19.5520000458
11569,20.218000412
11570,20.218000412
11571,20.968000412
11572,20.968000412
11573,23.6900005341
11574,23.6900005341
11575,27.4500007629
11576,27.5979995728
11577,27.5979995728
11578,27.5979995728
11579,27.1060009003
11580,27.1060009003
11581,24.1979999542
11582,21.5739994049
11583,21.5739994049
11584,21.2119998932
11585,20.5939998627
11586,13.4659996033
11597,12.1180000305
11598,14.3760004044
11599,20.218000412
11600,20.218000412
11601,20.218000412
11602,20.218000412
11603,20.218000412
11604,20.218000412
11605,20.218000412
11606,20.968000412
11607,20.968000412
11608,23.2080001831
11609,23.6340007782
11610,25.063999176
11611,27.5979995728
11612,27.5979995728
11613,27.5979995728
11614,27.1060009003
11615,27.1060009003
11616,26.9979991913
11617,26.9979991913
11618,26.9979991913
11619,23.045999527
11620,23.045999527
11621,19.6739997864
11633,11.8680000305
11634,20.218000412
11635,20.218000412
11636,20.218000412
11637,20.218000412
11638,20.218000412
11639,20.218000412
11640,19.6019992828
11641,19.6019992828
11642,20.218000412
11643,20.218000412
11644,22.1599998474
11645,25.063999176
11646,27.5979995728
11647,27.5979995728
11649,27.563999176
11650,27.563999176
11651,29.313999176
11652,29.313999176
11653,29.313999176
11654,25.577999115
11655,24.908000946
11656,19.6739997864
11657,15.8540000916
11669,18.3980007172
11670,18.5820007324
11671,18.9640007019
11672,20.218000412
11673,21.8680000305
11674,21.8680000305
11675,21.8680000305
11676,21.5799999237
11677,21.5799999237
11678,20.218000412
11679,22.1599998474
11684,28.7999992371
11685,29.3619995117
11686,29.3619995117
11687,29.3619995117
11688,29.313999176
11689,25.577999115
11690,24.908000946
11691,22.7779998779
11692,15.8540000916
11704,15.8280000687
11705,18.5820007324
11706,18.5820007324
11707,18.9640007019
11708,22.4160003662
11709,22.4160003662
11710,22.4160003662
11711,23.017999649
11712,23.017999649
11713,23.017999649
11714,22.1599998474
11715,22.1599998474
11716,23.5259990692
11717,26.591999054
11718,28.7399997711
11719,30.2240009308
11720,30.2240009308
11721,30.2240009308
11722,29.3619995117
11723,29.313999176
11724,25.577999115
11725,24.908000946
11726,23.5259990692
11727,15.8540000916
11739,14.218000412
11740,15.2220001221
11741,17.5380001068
11742,18.9640007019
11743,22.4160003662
11744,22.4160003662
11745,22.4160003662
11746,23.017999649
11747,23.017999649
11748,23.017999649
11749,21.7600002289
11750,23.3339996338
11751,24.4580001831
11752,27.0060005188
11753,30.9279994965
11754,30.9279994965
11755,30.9279994965
11756,30.2240009308
11757,29.5520000458
11758,29.5520000458
11759,24.5879993439
11760,24.5879993439
11761,23.5259990692
11762,14.9460000992
11774,12.6459999084
11775,12.6459999084
11776,15.4479999542
11777,18.545999527
11778,22.4160003662
11779,22.4160003662
11780,23.017999649
11781,23.017999649
11782,23.017999649
11783,23.017999649
11784,21.7600002289
11785,23.3339996338
11786,24.4580001831
11787,27.0060005188
11788,30.9279994965
11789,30.9279994965
11790,30.9279994965
11791,30.2240009308
11792,29.5520000458
11793,29.5520000458
11794,26.6800003052
11795,26.1280002594
11796,23.5259990692
11797,14.984000206
11811,14.218000412
11812,16.517999649
11813,18.9799995422
11814,18.9799995422
11815,23.017999649
11816,23.017999649
11817,23.017999649
11818,21.7600002289
11819,21.7600002289
11820,23.3339996338
11821,24.4580001831
11822,28.1200008392
11823,30.9279994965
11824,30.9279994965
11825,30.9279994965
11826,29.9939994812
11827,29.5520000458
11828,29.5520000458
11829,26.6800003052
11830,26.1280002594
11831,18.9880008698
11832,14.984000206
11847,14.2899999619
11848,18.0240001678
11849,18.6000003815
11850,23.017999649
11851,23.017999649
11852,23.017999649
11853,21.7600002289
11854,21.6100006104
11855,23.1420001984
11856,23.1420001984
11857,28.1200008392
11858,28.1200008392
11859,28.5259990692
11860,29.0300006866
11861,29.0300006866
11862,29.0300006866
11863,28.5060005188
11864,26.6800003052
11865,26.1280002594
11866,18.9880008698
11867,15.4420003891
11882,13.6680002213
11883,16.4020004272
11884,18.6000003815
11885,22.4160003662
11886,22.4160003662
11887,22.4160003662
11888,21.6100006104
11889,21.6100006104
11890,24.9659996033
11891,24.9659996033
11892,28.1200008392
11893,29.8819999695
11894,29.8819999695
11895,29.8819999695
11896,28.0939998627
11897,28.0939998627
11898,27.563999176
11899,25.9379997253
11900,24.1060009003
11901,20.5699996948
11902,15.4420003891
11917,13.6680002213
11918,16.2660007477
11919,18.0900001526
11920,22.4160003662
11921,22.4160003662
11922,22.4160003662
11923,21.5799999237
11924,20.2280006409
11925,24.9659996033
11926,24.9659996033
11927,27.9740009308
11928,29.8819999695
11929,29.8819999695
11930,29.8819999695
11931,28.0939998627
11932,28.0939998627
11933,27.8680000305
11934,27.8680000305
11935,24.1060009003
11936,20.5699996948
11937,15.4420003891
11952,13.6680002213
11953,14.7279996872
11954,18.0900001526
11955,18.0900001526
11956,19.7800006866
11957,19.7800006866
11958,19.7800006866
11959,20.2280006409
11960,24.9659996033
11961,24.9659996033
11962,26.5440006256
11963,29.8819999695
11964,29.8819999695
11965,29.8819999695
11966,28.0939998627
11967,28.0939998627
11968,27.8680000305
11969,27.8680000305
11970,24.6800003052
11971,22.313999176
11972,15.0480003357
11973,15.0480003357
11974,13.3059997559
11989,17.4120006561
11990,17.4899997711
11991,20.4440002441
11992,20.4440002441
11993,20.9300003052
11994,20.9300003052
11995,22.7759990692
11996,24.3799991608
11997,26.5440006256
11998,28.1420001984
11999,28.1420001984
12000,28.1420001984
12001,25.5839996338
12002,27.8680000305
12003,27.8680000305
12004,27.8680000305
12005,25.3460006714
12006,22.313999176
12007,15.0480003357
12008,15.0480003357
12009,14.5059995651
12032,12.6239995956
12033,13.4750003815
12034,13.4750003815
12035,13.4750003815
12314,18.7380008698
12315,18.7380008698
12316,18.7380008698
12346,12.279999733
12347,14.6319999695
12348,21.8920001984
12349,21.8920001984
12350,21.8920001984
12351,20.1800003052
12352,20.1800003052
12378,12.2100000381
12379,13.5839996338
12380,15.8979997635
12381,18.3880004883
12382,18.3880004883
12383,21.8920001984
12384,21.8920001984
12385,21.8920001984
12386,20.1800003052
12387,20.1800003052
12388,12.486000061
12412,11.6820001602
12413,12.9960002899
12414,13.8620004654
12415,16.6499996185
12416,18.3880004883
12417,18.3880004883
12418,21.8920001984
12419,21.8920001984
12420,21.8920001984
12421,20.1800003052
12422,20.1800003052
12423,13.5880002975
12441,12.2159996033
12442,12.2159996033
12443,12.2159996033
12445,12.5500001907
12446,12.7740001678
12447,13.234000206
12448,15.0279998779
12449,17.2919998169
12450,18.3880004883
12451,20.2759990692
12452,20.2759990692
12453,20.2759990692
12454,19.2660007477
12455,19.2660007477
12456,19.2660007477
12457,17.5680007935
12458,17.5680007935
12459,12.2620000839
12476,12.3400001526
12477,12.3400001526
12478,12.3400001526
12479,13.9340000153
12480,17.3700008392
12481,17.3700008392
12482,17.3700008392
12483,20.5380001068
12484,21.2539997101
12485,21.2539997101
12486,21.2539997101
12487,20.4839992523
12488,20.4839992523
12489,22.0440006256
12490,22.0440006256
12491,22.0440006256
12492,18.658000946
12493,17.8020000458
12494,14.1579999924
12508,14.3760004044
12509,14.3760004044
12510,14.3819999695
12511,14.3819999695
12512,18.686000824
12513,18.686000824
12514,18.686000824
12515,17.9599990845
12516,19.1800003052
12517,21.8260002136
12518,22.982000351
12519,24.7919998169
12520,24.7919998169
12521,24.7919998169
12522,22.8999996185
12523,22.0960006714
12524,22.0960006714
12525,22.0960006714
12526,22.0440006256
12527,19.9640007019
12528,18.2980003357
12529,14.7700004578
12530,12.3999996185
12531,12.3999996185
12543,14.3760004044
12544,14.7460002899
12545,16.1060009003
12546,17.9599990845
12547,18.686000824
12548,18.686000824
12549,18.686000824
12550,18.281999588
12551,19.6800003052
12552,22.5580005646
12553,23.6900005341
12554,24.7919998169
12555,27.4500007629
12556,27.4500007629
12557,27.4500007629
12558,25.5820007324
12559,22.7719993591
12560,22.2600002289
12561,22.0440006256
12562,20.4599990845
12563,18.2980003357
12564,17.1159992218
12565,17.1159992218
12566,14.8780002594
12577,12.1180000305
12578,14.3760004044
12579,15.6800003052
12580,18.686000824
12581,18.9640007019
12582,18.9640007019
12583,18.9640007019
12584,20.218000412
12585,20.218000412
12586,20.968000412
12587,22.5580005646
12588,23.6900005341
12589,24.7919998169
12590,27.4500007629
12591,27.4500007629
12592,27.4500007629
12593,27.0499992371
12594,27.0499992371
12595,27.0499992371
12596,22.454000473
12597,21.7220001221
12598,21.7619991302
12599,21.7619991302
12600,21.7619991302
12601,18.5820007324
12602,18.5820007324
12603,13.4960002899
12612,12.1180000305
12613,14.3760004044
12614,20.218000412
12615,20.218000412
12616,20.218000412
12617,19.5520000458
12618,19.5520000458
12619,20.218000412
12620,20.218000412
12621,20.968000412
12622,22.5580005646
12623,23.6900005341
12624,24.5559997559
12625,27.4500007629
12626,27.5979995728
12627,27.5979995728
12628,27.6240005493
12629,27.6240005493
12630,27.6240005493
12631,24.982000351
12632,24.6380004883
12633,24.6380004883
12634,24.6380004883
12635,22.232000351
12636,22.232000351
12637,18.9479999542
12638,15.2860002518
12647,12.1180000305
12648,14.3760004044
12649,20.218000412
12650,20.218000412
12651,20.218000412
12652,20.218000412
12653,20.218000412
12654,20.218000412
12655,20.218000412
12656,20.968000412
12657,21.1100006104
12658,23.2080001831
12659,24.5559997559
12660,27.2980003357
12661,27.5979995728
12662,27.5979995728
12663,27.6240005493
12664,27.6240005493
12665,27.6240005493
12666,26.9979991913
12667,26.9979991913
12668,26.9979991913
12669,24.9440002441
12670,24.4379997253
12671,24.4379997253
12672,24.4379997253
12673,15.2860002518
12683,11.8680000305
12684,20.218000412
12685,20.218000412
12686,20.218000412
12687,20.218000412
12688,20.218000412
12689,20.218000412
12690,19.6019992828
12691,19.6019992828
12692,20.218000412
12693,21.6060009003
12695,26.327999115
12696,27.5979995728
12697,27.5979995728
12699,29.6240005493
12700,30.513999939
12701,30.513999939
12702,30.513999939
12703,29.9400005341
12704,28.8080005646
12705,24.908000946
12706,24.4379997253
12707,24.4379997253
12708,17.3299999237
12719,17.1739997864
12720,17.1739997864
12721,18.686000824
12722,20.218000412
12723,20.218000412
12724,21.3980007172
12725,21.5799999237
12726,21.5799999237
12727,21.6280002594
12728,21.6280002594
12729,21.6280002594
12730,22.0480003357
12731,25.9979991913
12732,27.2600002289
12734,29.6240005493
12735,30.7980003357
12736,31.1219997406
12737,31.1219997406
12738,31.1219997406
12739,29.3540000916
12740,24.908000946
12741,24.4379997253
12742,24.4379997253
12743,17.3299999237
12754,15.1579999924
12755,15.1579999924
12756,17.6639995575
12757,18.3980007172
12758,19.5520000458
12759,21.3980007172
12760,21.8680000305
12761,23.017999649
12762,23.017999649
12763,23.017999649
12764,21.6280002594
12765,21.7099990845
12766,24.2299995422
12767,28.6140003204
12768,28.7399997711
12769,30.2240009308
12770,33.4900016785
12771,33.4900016785
12772,33.4900016785
12773,31.1219997406
12774,29.3540000916
12775,25.2460002899
12776,23.8799991608
12777,21.6000003815
12778,17.3299999237
12789,14.218000412
12790,14.218000412
12791,16.2380008698
12792,18.1900005341
12793,19.5520000458
12794,21.3980007172
12795,22.4160003662
12796,23.017999649
12797,23.017999649
12798,23.017999649
12799,22.1259994507
12800,23.6539993286
12801,26.4920005798
12802,28.6140003204
12803,30.9279994965
12804,33.3660011292
12805,33.4900016785
12806,33.4900016785
12807,33.4900016785
12808,32.4480018616
12809,29.3540000916
12810,25.2460002899
12811,23.8799991608
12812,21.6000003815
12824,12.6459999084
12825,12.6459999084
12826,14.218000412
12827,16.8239994049
12828,19.0520000458
12829,20.7999992371
12830,23.017999649
12831,23.017999649
12832,23.017999649
12833,23.017999649
12834,22.1259994507
12835,24.0380001068
12836,26.4920005798
12837,28.6140003204
12838,31.5839996338
12839,35.4119987488
12840,35.4119987488
12841,35.4119987488
12842,34.1539993286
12843,32.4480018616
12844,29.0760002136
12845,26.1280002594
12846,23.8799991608
12847,21.5960006714
12861,14.218000412
12862,16.2380008698
12863,18.9799995422
12864,18.9799995422
12865,23.017999649
12866,23.017999649
12867,23.017999649
12868,22.7900009155
12869,24.3260002136
12870,25.6459999084
12871,26.4920005798
12872,28.1900005341
12873,31.5839996338
12874,35.4119987488
12875,35.4119987488
12876,35.4119987488
12877,34.1539993286
12878,32.4480018616
12879,26.8059997559
12880,26.1280002594
12881,23.204000473
12882,14.984000206
12897,14.2899999619
12898,18.0240001678
12899,18.6000003815
12900,23.017999649
12901,23.017999649
12902,23.017999649
12903,23.017999649
12904,24.6420001984
12905,28.7600002289
12906,28.7600002289
12907,28.7600002289
12908,31.5839996338
12909,35.4119987488
12910,35.4119987488
12911,35.4119987488
12912,34.1539993286
12913,31.4099998474
12914,28.5440006256
12915,26.1280002594
12916,20.5300006866
12917,15.4420003891
12932,13.6680002213
12933,16.4020004272
12934,18.6000003815
12935,22.4160003662
12936,23.017999649
12937,23.017999649
12938,23.017999649
12939,24.6420001984
12940,28.7600002289
12941,28.7600002289
12942,28.7600002289
12943,30.6459999084
12944,31.936000824
12945,31.936000824
12946,31.936000824
12947,31.4099998474
12948,31.4099998474
12949,30.3700008392
12950,24.9340000153
12951,20.5699996948
12952,16.1840000153
12953,12.0640001297
12967,13.6680002213
12968,16.2660007477
12969,18.0900001526
12970,22.4160003662
12971,23.017999649
12972,23.017999649
12973,23.017999649
12974,24.6420001984
12975,28.7600002289
12976,28.7600002289
12977,28.7600002289
12978,29.8819999695
12979,29.8819999695
12980,30.795999527
12981,31.4099998474
12982,31.4099998474
12983,31.4099998474
12984,30.3700008392
12985,25.3159999847
12986,20.5699996948
12987,16.1840000153
12988,14.3260002136
13002,13.6680002213
13003,14.7279996872
13004,18.0900001526
13005,18.0900001526
13006,19.7800006866
13007,22.4160003662
13008,22.4160003662
13009,22.4160003662
13010,24.9659996033
13011,24.9659996033
13012,26.5440006256
13013,29.8819999695
13014,29.8819999695
13015,29.8819999695
13016,30.1639995575
13017,30.3700008392
13018,30.3700008392
13019,30.3700008392
13020,25.3159999847
13021,24.7059993744
13022,16.1840000153
13023,15.0480003357
13024,13.3059997559
13039,17.4120006561
13040,17.4899997711
13041,20.4440002441
13042,21.5799999237
13043,21.5799999237
13044,21.5799999237
13045,22.7759990692
13046,24.7240009308
13047,26.5440006256
13048,28.1420001984
13049,28.1420001984
13050,28.1420001984
13051,25.5839996338
13052,27.8680000305
13053,27.8680000305
13054,27.8680000305
13055,25.3460006714
13056,24.7059993744
13057,15.5640001297
13058,15.0480003357
13059,14.5059995651
13084,13.4750003815
13085,13.4750003815
13325,13.5839996338
13326,13.5839996338
13327,13.5839996338
13328,16.7339992523
13329,16.7339992523
13330,16.7339992523
13331,14.3959999084
13332,14.3959999084
13360,13.5839996338
13361,16.4379997253
13362,19.0119991302
13363,20.2520008087
13364,20.2520008087
13365,20.2520008087
13366,18.7380008698
13367,17.8460006714
13368,13.4759998322
13393,13.1520004272
13394,13.6339998245
13395,18.3680000305
13396,18.3680000305
13397,19.4899997711
13398,22.3680000305
13399,22.3680000305
13400,22.3680000305
13401,20.1800003052
13402,20.1800003052
13403,16.5739994049
13404,12.0740003586
13427,12.3179998398
13428,14.4659996033
13429,17.3260002136
13430,20.1200008392
13431,20.1200008392
13432,20.1200008392
13433,22.3680000305
13434,22.3680000305
13435,22.3680000305
13439,16.091999054
13460,12.2880001068
13461,13.6840000153
13462,15.2539997101
13463,17.6660003662
13464,19.3880004883
13465,21.1319999695
13466,21.1319999695
13467,23.5119991302
13468,23.5499992371
13469,23.5499992371
13470,23.5499992371
13471,22.8540000916
13472,21.736000061
13473,19.9260005951
13474,18.3959999084
13493,12.5080003738
13494,12.5080003738
13495,14.8439998627
13496,16.327999115
13497,17.2900009155
13498,20.0659999847
13499,22.1420001984
13500,22.1420001984
13501,22.1420001984
13502,23.5119991302
13503,23.5499992371
13504,23.5499992371
13505,23.5499992371
13506,22.8540000916
13507,21.736000061
13508,20.922000885
13509,20.7399997711
13510,12.4460000992
13526,12.3400001526
13527,16.0760002136
13528,16.0760002136
13529,16.0760002136
13530,17.3700008392
13531,18.9479999542
13532,19.3500003815
13533,22.1599998474
13534,25.763999939
13535,25.763999939
13536,25.763999939
13537,24.1679992676
13538,25.063999176
13539,27.3220005035
13540,27.3220005035
13541,27.3220005035
13542,21.736000061
13543,21.6900005341
13544,21.4519996643
13545,16.236000061
13558,14.3760004044
13559,14.3760004044
13560,14.3819999695
13561,14.7419996262
13562,18.686000824
13563,18.686000824
13564,18.686000824
13565,17.9599990845
13566,19.1800003052
13567,21.8260002136
13568,23.6900005341
13570,28.7740001678
13571,28.7740001678
13572,28.7740001678
13573,26.218000412
13574,27.3220005035
13575,27.3220005035
13576,27.3220005035
13577,25.8840007782
13578,25.7439994812
13579,23.8120002747
13580,23.8120002747
13581,13.7620000839
13593,14.3760004044
13594,14.7460002899
13595,16.1060009003
13596,17.9599990845
13597,18.686000824
13598,18.686000824
13599,18.686000824
13600,18.686000824
13601,19.263999939
13602,22.5580005646
13603,24.3740005493
13605,28.7740001678
13606,28.7740001678
13607,28.7740001678
13610,27.3220005035
13611,27.3220005035
13612,27.2080001831
13613,28.5939998627
13614,28.5939998627
13615,28.5939998627
13616,20.5520000458
13617,18.2900009155
13618,12.8760004044
13627,11.8219995499
13628,14.3760004044
13629,14.7460002899
13630,18.686000824
13631,18.9640007019
13632,18.9640007019
13633,18.9640007019
13634,20.218000412
13635,20.218000412
13636,20.968000412
13637,22.5580005646
13638,24.3740005493
13640,28.7740001678
13641,28.7740001678
13642,28.7740001678
13645,27.3040008545
13646,28.2460002899
13647,28.2460002899
13648,28.5939998627
13649,28.5939998627
13650,28.5939998627
13651,24.3600006104
13652,19.8339996338
13653,19.531999588
13662,11.8219995499
13663,12.8420000076
13664,14.7460002899
13665,18.686000824
13666,18.9640007019
13667,18.9640007019
13668,18.9640007019
13669,20.218000412
13670,20.218000412
13671,20.968000412
13672,22.5580005646
13673,24.3740005493
13675,28.2159996033
13676,28.2159996033
13680,27.6240005493
13681,28.408000946
13682,28.408000946
13683,28.7779998779
13684,28.7779998779
13685,28.7779998779
13686,25.7339992523
13687,25.7339992523
13688,19.531999588
13697,11.8219995499
13698,12.8420000076
13699,14.8719997406
13700,18.686000824
13701,18.9640007019
13702,18.9640007019
13703,18.9640007019
13704,20.218000412
13705,20.218000412
13706,20.968000412
13707,21.1100006104
13708,22.5820007324
13710,28.2159996033
13711,28.2159996033
13715,29.4960002899
13716,29.4960002899
13717,29.4960002899
13718,29.8479995728
13719,29.8479995728
13720,29.8479995728
13721,26.0039997101
13722,25.7339992523
13723,24.186000824
13733,11.8680000305
13734,14.8719997406
13735,16.6979999542
13736,17.7240009308
13737,17.7740001678
13738,18.9640007019
13739,19.0520000458
13740,19.6019992828
13741,19.7380008698
13742,22.9479999542
13743,22.9479999542
13745,26.327999115
13746,27.5979995728
13747,27.5979995728
13749,29.6240005493
13750,30.513999939
13751,32.5340003967
13752,32.5340003967
13753,32.5340003967
13754,31.577999115
13755,31.1879997253
13756,26.0039997101
13757,25.7339992523
13758,24.186000824
13769,14.8719997406
13770,15.5699996948
13771,17.7240009308
13772,18.1900005341
13773,18.2940006256
13774,21.3980007172
13775,21.5799999237
13776,21.5799999237
13777,22.9479999542
13778,23.017999649
13779,25.077999115
13780,25.077999115
13781,25.9979991913
13782,27.2600002289
13784,29.6240005493
13785,31.545999527
13786,33.0260009766
13787,33.0260009766
13788,33.0260009766
13789,31.6060009003
13790,31.1879997253
13791,28.3040008545
13792,26.1760005951
13793,24.186000824
13804,14.218000412
13805,15.001999855
13806,16.2380008698
13807,18.1900005341
13808,18.2940006256
13809,21.3980007172
13810,21.8680000305
13811,23.017999649
13812,23.017999649
13813,23.017999649
13814,25.077999115
13815,25.077999115
13816,25.077999115
13817,28.6140003204
13818,28.7399997711
13819,30.2240009308
13820,33.5439987183
13821,33.9879989624
13822,33.9879989624
13823,33.9879989624
13824,31.6060009003
13825,31.1879997253
13826,28.3040008545
13827,26.1760005951
13828,21.2140007019
13829,14.0839996338
13839,14.218000412
13840,14.218000412
13841,16.2380008698
13842,18.1900005341
13843,18.2940006256
13844,21.3980007172
13845,22.4160003662
13846,23.017999649
13847,23.017999649
13848,29.8519992828
13849,29.8519992828
13850,29.8519992828
13851,27.1480007172
13852,28.6140003204
13853,30.9279994965
13854,33.3660011292
13855,33.5439987183
13856,34.7820014954
13857,34.7820014954
13858,34.7820014954
13859,31.6060009003
13860,29.3640003204
13861,28.3040008545
13862,26.1760005951
13863,21.2140007019
13864,14.0839996338
13874,12.6459999084
13875,12.6459999084
13876,14.218000412
13877,16.8239994049
13878,17.6739997864
13879,18.9640007019
13880,22.4160003662
13881,23.017999649
13882,26.6599998474
13883,29.8519992828
13884,29.8519992828
13885,29.8519992828
13886,28.767999649
13887,30.7619991302
13888,31.7080001831
13889,35.4119987488
13890,35.4119987488
13891,36.063999176
13892,36.063999176
13893,36.063999176
13894,31.3400001526
13895,29.0620002747
13896,26.8199996948
13897,25.4459991455
13898,17.672000885
13899,14.0839996338
13911,14.218000412
13912,16.2380008698
13913,17.6739997864
13914,18.6000003815
13915,22.4160003662
13916,22.7900009155
13917,26.6599998474
13918,29.8519992828
13919,29.8519992828
13920,29.8519992828
13921,30.7900009155
13922,32.3819999695
13923,32.3819999695
13924,35.4119987488
13925,36.09400177
13926,36.7799987793
13927,36.7799987793
13928,36.7799987793
13929,33.8860015869
13930,27.8600006104
13931,24.313999176
13932,22.4239997864
13933,17.672000885
13947,13.6319999695
13948,17.408000946
13949,18.6000003815
13950,22.4160003662
13951,23.017999649
13952,26.6599998474
13953,27.3040008545
13954,27.3040008545
13955,28.7600002289
13956,32.5660018921
13957,32.5660018921
13958,32.5660018921
13959,35.4119987488
13960,36.09400177
13961,36.7799987793
13962,36.7799987793
13963,36.7799987793
13964,34.3240013123
13965,30.1760005951
13966,27.2080001831
13967,21.5079994202
13968,15.7399997711
13982,13.6680002213
13983,16.4020004272
13984,18.6000003815
13985,22.4160003662
13986,23.017999649
13987,26.0559997559
13988,26.0559997559
13989,26.0559997559
13990,28.7600002289
13991,32.5660018921
13992,32.5660018921
13993,32.5660018921
13994,34.1839981079
13995,36.09400177
13996,36.7799987793
13997,36.7799987793
13998,36.7799987793
13999,34.8899993896
14000,32.4259986877
14001,29.2199993134
14002,22.5699996948
14003,17.3519992828
14004,12.3599996567
14017,13.6680002213
14018,16.2660007477
14019,18.0900001526
14020,22.4160003662
14021,23.017999649
14022,23.017999649
14023,23.017999649
14024,24.6420001984
14025,28.7600002289
14026,32.5660018921
14027,32.5660018921
14028,32.5660018921
14029,30.9659996033
14030,34.6920013428
14031,36.0419998169
14032,36.0419998169
14033,36.0419998169
14034,34.8899993896
14035,32.7859992981
14036,30.0480003357
14037,22.5699996948
14038,19.4519996643
14039,13.4300003052
14052,13.6680002213
14053,14.7279996872
14054,18.0900001526
14055,18.0900001526
14056,20.8500003815
14057,22.4160003662
14058,22.5400009155
14059,22.5400009155
14060,25.0279998779
14061,25.5739994049
14062,27.3479995728
14063,29.8819999695
14064,29.8819999695
14065,31.4039993286
14066,35.75
14067,35.75
14068,35.75
14069,34.8899993896
14070,32.7859992981
14071,30.0480003357
14072,22.5699996948
14075,13.4300003052
14089,17.4120006561
14090,17.4899997711
14091,20.4440002441
14092,21.5799999237
14093,21.5799999237
14094,21.5799999237
14095,22.7759990692
14096,24.7240009308
14097,26.5440006256
14098,28.1420001984
14099,28.1420001984
14100,31.2980003357
14101,35.75
14102,35.75
14103,35.75
14104,34.2939987183
14105,32.7859992981
14106,30.0480003357
14107,21.8619995117
14134,13.4750003815
14306,11.736000061
14307,11.736000061
14308,11.736000061
14341,11.736000061
14342,11.736000061
14343,11.736000061
14375,13.5839996338
14376,17.7339992523
14377,17.9659996033
14378,17.9659996033
14379,18.0540008545
14380,18.0540008545
14381,18.0540008545
14382,16.1900005341
14407,12.1239995956
14408,12.1239995956
14409,12.1239995956
14410,19.5020008087
14411,20.0079994202
14412,20.0079994202
14413,22.2259998322
14414,22.2259998322
14415,22.2259998322
14416,20.8220005035
14417,20.8220005035
14442,12.1239995956
14443,13.1520004272
14444,14.3420000076
14445,19.5020008087
14446,20.0079994202
14447,21.0079994202
14448,22.3680000305
14449,22.3899993896
14450,22.3899993896
14451,22.3899993896
14452,20.8220005035
14453,16.5739994049
14454,13.25
14477,14.3400001526
14478,14.4659996033
14479,19.0799999237
14480,20.1200008392
14481,21.1380004883
14482,21.1380004883
14483,22.3680000305
14484,22.3899993896
14489,16.091999054
14510,13.6759996414
14511,14.4899997711
14512,15.468000412
14513,17.6660003662
14514,20.9200000763
14515,21.8379993439
14516,23.017999649
14517,24.5939998627
14518,24.5939998627
14519,24.5939998627
14524,18.3959999084
14543,12.5080003738
14544,12.5080003738
14545,16.4659996033
14546,17.7740001678
14547,18.5540008545
14548,20.841999054
14549,22.2380008698
14550,22.2380008698
14551,23.436000824
14552,24.8619995117
14553,25.9880008698
14554,25.9880008698
14555,25.9880008698
14558,20.922000885
14559,20.7399997711
14560,13.6660003662
14576,12.3400001526
14577,16.0760002136
14578,16.0760002136
14579,16.0760002136
14580,17.4479999542
14581,18.9479999542
14582,23.545999527
14583,24.5119991302
14588,26.327999115
14589,27.3220005035
14590,27.3220005035
14591,27.3220005035
14593,21.6900005341
14594,21.4519996643
14595,16.236000061
14608,14.3760004044
14609,14.3760004044
14610,14.3819999695
14611,14.7419996262
14612,18.686000824
14613,18.686000824
14614,18.686000824
14615,17.9599990845
14616,19.1800003052
14617,25.8920001984
14618,25.8920001984
14623,29.1919994354
14624,29.1919994354
14625,29.1919994354
14626,29.0340003967
14627,25.8840007782
14628,25.7439994812
14629,23.8120002747
14630,23.8120002747
14631,15.9300003052
14643,14.3760004044
14644,14.7460002899
14645,16.0760002136
14646,16.0760002136
14647,18.686000824
14648,18.686000824
14649,18.686000824
14650,18.686000824
14651,19.263999939
14652,25.8920001984
14653,25.8920001984
14658,29.2579994202
14659,29.2579994202
14660,29.2579994202
14661,29.0340003967
14662,27.2080001831
14663,28.5939998627
14664,28.5939998627
14665,28.5939998627
14666,21.4759998322
14667,19.5739994049
14668,13.6400003433
14678,14.3760004044
14679,14.7460002899
14680,16.0760002136
14681,16.0760002136
14682,18.686000824
14683,18.686000824
14684,18.686000824
14685,18.686000824
14686,19.5520000458
14687,25.8920001984
14688,25.8920001984
14690,28.7740001678
14691,28.7740001678
14692,28.7740001678
14693,29.2579994202
14694,29.2579994202
14695,29.2579994202
14696,29.0340003967
14697,28.2460002899
14698,28.5939998627
14699,28.5939998627
14700,28.5939998627
14701,24.3600006104
14702,23.2940006256
14703,19.531999588
14713,12.8420000076
14714,14.7460002899
14715,16.0760002136
14716,17.1660003662
14717,17.7740001678
14718,18.9640007019
14719,18.9640007019
14720,18.9640007019
14721,19.5520000458
14722,22.5580005646
14723,25.7059993744
14725,28.2159996033
14726,28.2159996033
14728,29.2579994202
14729,29.2579994202
14730,29.2579994202
14731,29.1040000916
14732,29.1040000916
14733,28.7779998779
14734,28.7779998779
14735,28.7779998779
14736,25.7339992523
14737,25.7339992523
14738,19.531999588
14748,12.8420000076
14749,12.8420000076
14750,15.4399995804
14751,17.1660003662
14752,17.7740001678
14753,18.9640007019
14754,18.9640007019
14755,18.9640007019
14756,19.5520000458
14757,21.1100006104
14758,24.9839992523
14760,28.2159996033
14761,28.2159996033
14765,29.4960002899
14766,29.7800006866
14767,31.1219997406
14768,31.1219997406
14769,31.1219997406
14770,30.2460002899
14771,26.0039997101
14772,25.7339992523
14773,24.186000824
14774,14.9479999542
14784,12.1180000305
14785,15.001999855
14786,17.1660003662
14787,17.7740001678
14788,18.9640007019
14789,18.9640007019
14790,18.9640007019
14791,19.7380008698
14792,22.9479999542
14793,23.531999588
14796,27.2339992523
14797,27.4500007629
14798,27.6240005493
14799,29.6240005493
14800,30.513999939
14801,32.5340003967
14802,32.84400177
14803,32.84400177
14804,32.84400177
14805,31.5440006256
14806,29.4300003052
14807,25.7339992523
14808,24.186000824
14809,14.9479999542
14820,15.001999855
14821,15.7460002899
14822,16.6979999542
14823,18.2940006256
14824,18.9640007019
14825,18.9640007019
14826,20.0860004425
14827,22.9479999542
14828,23.531999588
14831,26.8819999695
14832,27.2600002289
14833,27.6240005493
14834,29.6240005493
14835,31.545999527
14836,33.0260009766
14837,33.4720001221
14838,33.4720001221
14839,33.4720001221
14840,32.3359985352
14841,29.4300003052
14842,26.1760005951
14843,24.186000824
14844,14.9479999542
14855,15.001999855
14856,15.001999855
14857,15.4219999313
14858,18.2940006256
14859,18.9640007019
14860,18.9640007019
14861,20.4440002441
14862,22.9479999542
14863,26.3840007782
14864,27.5200004578
14865,27.5200004578
14866,28.3980007172
14867,29.5520000458
14868,33.0620002747
14869,33.4420013428
14870,33.5439987183
14871,33.9879989624
14872,33.9879989624
14873,33.9879989624
14874,33.4720001221
14875,32.3359985352
14876,29.4300003052
14877,26.1760005951
14878,22.4780006409
14879,14.0839996338
14892,15.4219999313
14893,18.2940006256
14894,18.2940006256
14895,18.2940006256
14896,22.7900009155
14897,22.7900009155
14898,29.8519992828
14899,30.0279998779
14900,30.0279998779
14901,31.9179992676
14902,33.2519989014
14903,33.8499984741
14904,33.8499984741
14905,34.8300018311
14906,35.6100006104
14907,35.6100006104
14908,35.6100006104
14909,34.8639984131
14910,32.3359985352
14911,28.3040008545
14912,26.1760005951
14913,22.4780006409
14914,14.0839996338
14928,13.9379997253
14929,18.2940006256
14930,18.2940006256
14931,22.7900009155
14932,26.6599998474
14933,29.8519992828
14934,30.0279998779
14935,30.0279998779
14936,31.9179992676
14937,33.2519989014
14938,33.8499984741
14939,35.4119987488
14940,36.0159988403
14941,36.841999054
14942,36.841999054
14943,36.841999054
14944,35.5979995728
14945,31.8959999084
14946,26.9979991913
14947,25.4459991455
14948,19.1520004272
14949,14.0839996338
14963,13.9379997253
14964,15.4219999313
14965,18.3020000458
14966,22.7900009155
14967,27.7140007019
14968,29.8519992828
14969,30.0279998779
14970,30.9659996033
14971,31.9179992676
14972,33.2519989014
14973,33.8499984741
14974,35.4119987488
14975,36.09400177
14976,38.1360015869
14977,38.1360015869
14978,38.1360015869
14979,36.5299987793
14980,32.841999054
14981,27.2560005188
14982,25.0340003967
14983,18.2700004578
14984,14.7939996719
14998,14.8360004425
14999,14.9460000992
15000,18.3020000458
15001,23.017999649
15002,27.7140007019
15003,27.7140007019
15004,28.1940002441
15005,30.9659996033
15006,32.5660018921
15007,32.5660018921
15008,33.3860015869
15009,35.4119987488
15010,36.09400177
15011,38.1360015869
15012,38.1360015869
15013,38.1360015869
15014,36.5299987793
15015,35.1619987488
15016,31.9260005951
15017,25.8500003815
15018,25.8500003815
15019,25.8500003815
15020,15.3459997177
15033,14.8360004425
15034,14.9460000992
15035,18.3020000458
15036,23.017999649
15037,27.7140007019
15038,27.7140007019
15039,27.9559993744
15040,30.9659996033
15041,32.5660018921
15042,32.5660018921
15043,32.5660018921
15044,34.1839981079
15045,36.09400177
15046,38.1360015869
15047,38.1360015869
15048,38.1360015869
15049,36.936000824
15050,36.936000824
15051,35.577999115
15052,29.841999054
15053,29.0739994049
15054,29.0739994049
15055,25.6520004272
15056,15.2580003738
15068,14.8360004425
15069,14.9239997864
15070,17.6259994507
15071,23.017999649
15072,23.517999649
15073,25.0620002747
15074,27.3479995728
15075,28.7600002289
15076,32.5660018921
15077,32.5660018921
15078,32.5660018921
15079,30.9659996033
15080,34.6920013428
15081,38.4199981689
15082,39.1119995117
15083,39.1119995117
15084,39.1119995117
15085,37.672000885
15086,36.4959983826
15087,34.0400009155
15088,29.8819999695
15089,29.0739994049
15090,27.327999115
15091,19.686000824
15092,12.3400001526
15103,13.6000003815
15104,14.9239997864
15105,16.063999176
15106,20.8500003815
15107,22.4160003662
15108,22.7900009155
15109,23.841999054
15110,26.0240001678
15111,26.0240001678
15112,27.3479995728
15113,27.3479995728
15114,27.3479995728
15115,32.2519989014
15116,38.4199981689
15117,39.1119995117
15118,39.1119995117
15119,39.1119995117
15120,37.672000885
15121,36.4959983826
15122,34.0400009155
15123,29.8819999695
15124,29.0739994049
15125,27.327999115
15126,20.4239997864
15127,12.6999998093
15140,16.0
15141,16.732000351
15142,21.5799999237
15143,21.5799999237
15144,21.5799999237
15145,21.986000061
15146,24.7240009308
15147,24.7240009308
15148,24.7240009308
15149,24.5200004578
15150,32.2099990845
15151,38.4199981689
15152,39.1119995117
15153,39.1119995117
15154,39.1119995117
15155,37.672000885
15156,36.4959983826
15157,34.0400009155
15158,29.8819999695
15159,28.7719993591
15160,27.327999115
15161,21.1900005341
15162,12.6999998093
15355,11.7259998322
15356,13.1219997406
15357,13.1219997406
15358,13.1219997406
15388,13.1219997406
15389,13.1219997406
15390,13.1219997406
15391,13.1800003052
15392,13.1840000153
15393,13.1840000153
15394,13.1840000153
15423,13.1219997406
15424,13.1219997406
15425,18.7700004578
15426,18.7700004578
15427,20.9200000763
15428,20.9200000763
15429,21.25
15430,21.25
15431,21.25
15432,20.6840000153
15433,17.9659996033
15457,13.1219997406
15458,14.1960000992
15459,16.2840003967
15460,19.5020008087
15461,21.4139995575
15462,24.4440002441
15463,24.4440002441
15464,24.4440002441
15465,22.2259998322
15466,21.4139995575
15467,20.8220005035
15468,20.5359992981
15491,12.279999733
15492,16.1280002594
15493,17.2980003357
15494,18.6100006104
15495,19.5020008087
15496,22.7859992981
15497,24.4440002441
15498,24.4440002441
15499,25.0100002289
15500,25.0100002289
15501,25.0100002289
15502,23.591999054
15503,20.5359992981
15504,13.25
15526,15.6219997406
15527,16.2840003967
15528,18.1739997864
15529,22.0580005646
15530,22.0580005646
15531,24.2339992523
15532,24.4440002441
15533,25.4139995575
15534,27.0219993591
15535,27.8260002136
15539,16.091999054
15559,12.5080003738
15560,14.8780002594
15561,16.6499996185
15562,17.8080005646
15563,19.8460006714
15564,22.204000473
15565,22.4939994812
15566,24.3500003815
15567,28.9500007629
15568,30.2660007477
15569,30.2660007477
15570,30.2660007477
15571,28.1679992676
15572,28.1480007172
15574,18.3959999084
15593,12.5080003738
15594,12.5080003738
15595,16.4659996033
15596,18.4580001831
15597,18.8880004883
15598,20.841999054
15599,22.2380008698
15600,22.8500003815
15601,25.6079998016
15602,28.9500007629
15603,30.5559997559
15604,30.5559997559
15605,30.5559997559
15606,30.468000412
15607,30.468000412
15608,25.0559997559
15609,20.7399997711
15610,13.6660003662
15626,12.0340003967
15627,16.0760002136
15628,16.0760002136
15629,16.0760002136
15630,17.4479999542
15631,18.9479999542
15632,23.545999527
15633,24.5119991302
15638,30.5559997559
15639,30.5559997559
15640,30.8339996338
15641,30.8339996338
15642,30.8339996338
15643,29.8460006714
15644,21.4519996643
15645,16.236000061
15659,11.9119997025
15660,11.9119997025
15661,14.7419996262
15662,16.0760002136
15663,16.5820007324
15664,16.5820007324
15665,17.591999054
15666,19.1739997864
15667,25.8920001984
15668,25.8920001984
15673,30.5559997559
15674,30.5559997559
15675,30.8339996338
15676,30.8339996338
15677,30.8339996338
15678,29.8460006714
15679,25.8540000916
15680,23.8120002747
15681,16.6340007782
15693,11.8680000305
15694,11.9119997025
15695,15.5880002975
15696,15.5880002975
15697,16.0760002136
15698,16.5820007324
15699,17.6060009003
15700,18.686000824
15701,19.263999939
15702,25.8920001984
15703,25.8920001984
15707,30.2119998932
15708,30.313999176
15709,30.4619998932
15710,30.8339996338
15711,30.8339996338
15712,30.8339996338
15713,29.8460006714
15714,29.7840003967
15715,28.7980003357
15716,23.1739997864
15717,19.5739994049
15718,13.6400003433
15728,11.8680000305
15729,11.9119997025
15730,15.5880002975
15731,15.5880002975
15732,15.8439998627
15733,16.5820007324
15734,17.6060009003
15735,18.686000824
15736,19.263999939
15737,25.8920001984
15738,25.8920001984
15741,28.7740001678
15742,30.2119998932
15743,30.313999176
15744,30.3619995117
15745,30.3619995117
15746,31.3579998016
15747,31.3579998016
15748,31.3579998016
15749,31.1140003204
15750,31.1140003204
15751,31.1140003204
15752,23.9139995575
15753,19.531999588
15763,11.8680000305
15764,12.1180000305
15765,15.5880002975
15766,17.1660003662
15767,17.7740001678
15768,18.9640007019
15769,18.9640007019
15770,18.9640007019
15771,19.263999939
15772,22.2259998322
15773,25.7059993744
15776,28.2159996033
15777,30.2119998932
15778,30.2119998932
15779,30.2119998932
15780,29.9759998322
15781,31.3579998016
15782,31.3579998016
15783,31.6480007172
15784,31.6480007172
15785,31.6480007172
15786,31.1140003204
15787,25.7339992523
15788,19.531999588
15799,12.1180000305
15800,12.7779998779
15801,17.1660003662
15802,17.7740001678
15803,18.9640007019
15804,18.9640007019
15805,18.9640007019
15806,18.1760005951
15807,20.517999649
15808,24.9839992523
15811,28.2159996033
15814,29.013999939
15815,29.8959999084
15816,31.3579998016
15817,33.341999054
15818,33.341999054
15819,33.341999054
15820,33.2540016174
15821,31.1140003204
15822,25.7339992523
15823,24.186000824
15824,14.9479999542
15834,12.1180000305
15835,15.001999855
15836,17.1660003662
15837,17.7740001678
15838,18.9640007019
15839,18.9640007019
15840,18.9640007019
15841,19.7380008698
15842,22.9479999542
15843,24.6159992218
15846,27.6100006104
15847,27.4500007629
15848,27.4500007629
15849,28.9239997864
15850,30.4519996643
15851,32.5340003967
15852,35.1059989929
15853,35.1059989929
15854,35.1059989929
15855,33.2540016174
15856,32.2760009766
15857,25.7339992523
15858,24.186000824
15859,14.9479999542
15870,15.001999855
15871,15.7460002899
15872,16.6979999542
15873,18.2940006256
15874,18.9640007019
15875,18.9640007019
15876,20.0860004425
15877,22.9479999542
15878,23.531999588
15879,29.0939998627
15880,29.0939998627
15881,29.0939998627
15882,28.767999649
15883,28.767999649
15884,28.9239997864
15885,32.4620018005
15886,33.0260009766
15887,35.1059989929
15888,35.1059989929
15889,35.1059989929
15890,34.4099998474
15891,32.2760009766
15892,26.1760005951
15893,24.186000824
15894,14.9479999542
15905,15.001999855
15906,15.001999855
15907,15.4219999313
15908,18.2940006256
15909,18.9640007019
15910,18.9640007019
15911,20.0860004425
15912,26.4920005798
15913,26.5620002747
15914,29.0939998627
15915,29.0939998627
15916,29.5160007477
15917,32.3979988098
15918,33.6520004272
15919,34.8300018311
15920,34.8300018311
15921,34.8300018311
15922,35.4599990845
15923,35.4599990845
15924,35.4599990845
15925,34.5760002136
15926,32.2760009766
15927,28.7759990692
15928,23.6819992065
15929,14.7419996262
15942,15.4219999313
15943,18.2940006256
15944,18.2940006256
15945,18.2940006256
15946,20.0860004425
15947,26.4920005798
15948,29.8519992828
15949,30.0279998779
15950,30.1140003204
15951,32.3479995728
15952,33.2519989014
15953,33.8499984741
15954,34.8300018311
15955,34.891998291
15956,35.6100006104
15957,36.5439987183
15958,36.5439987183
15959,36.5439987183
15960,35.2960014343
15961,31.6819992065
15962,28.7759990692
15963,24.313999176
15964,14.7419996262
15978,11.954000473
15979,18.2940006256
15980,18.2940006256
15981,20.9260005951
15982,26.6599998474
15983,29.8519992828
15984,30.0279998779
15985,30.1140003204
15986,32.3479995728
15987,33.2519989014
15988,33.8499984741
15989,34.8300018311
15990,36.9160003662
15991,37.2519989014
15992,37.2519989014
15993,38.1360015869
15994,38.1360015869
15995,38.1360015869
15996,33.1459999084
15997,29.6280002594
15998,26.6919994354
15999,19.767999649
16000,14.2019996643
16014,15.4219999313
16015,17.5540008545
16016,22.7019996643
16017,27.7140007019
16018,30.5499992371
16019,30.5499992371
16020,30.9659996033
16021,32.3479995728
16022,33.2519989014
16023,33.8499984741
16024,34.5200004578
16025,36.9160003662
16026,38.1360015869
16027,38.1360015869
16028,39.1119995117
16029,39.1119995117
16030,39.1119995117
16031,33.8479995728
16032,33.5079994202
16033,29.5340003967
16034,24.3819999695
16035,19.204000473
16036,14.5240001678
16050,17.5540008545
16051,22.7900009155
16052,27.7140007019
16053,30.5499992371
16054,30.5499992371
16055,30.9659996033
16056,32.5660018921
16057,32.5660018921
16058,33.3860015869
16059,34.1839981079
16060,36.9160003662
16061,38.1360015869
16062,38.9500007629
16063,39.1119995117
16064,39.1119995117
16065,39.1119995117
16066,34.891998291
16067,33.5079994202
16068,30.468000412
16069,30.031999588
16070,19.204000473
16071,16.1180000305
16085,17.5540008545
16086,22.7900009155
16087,27.7140007019
16088,30.5499992371
16089,30.5499992371
16090,30.9659996033
16091,32.5660018921
16092,32.5660018921
16093,32.5660018921
16094,34.1839981079
16095,36.09400177
16096,38.1360015869
16097,38.9500007629
16098,39.1119995117
16099,39.1119995117
16100,39.1119995117
16101,37.2519989014
16102,37.9560012817
16103,37.9560012817
16104,37.9560012817
16105,27.813999176
16106,20.4419994354
16107,20.4419994354
16120,17.0300006866
16121,22.7900009155
16122,23.517999649
16123,26.0240001678
16124,27.3479995728
16125,28.577999115
16126,32.5660018921
16127,32.5660018921
16128,32.5660018921
16129,30.9659996033
16130,34.6920013428
16131,38.4199981689
16132,39.1119995117
16133,39.1119995117
16134,39.1119995117
16135,37.672000885
16136,37.422000885
16137,37.9560012817
16138,37.9560012817
16139,37.9560012817
16140,37.2340011597
16141,30.9780006409
16142,24.3540000916
16155,16.063999176
16156,20.8500003815
16157,21.8939990997
16158,22.7900009155
16159,23.841999054
16160,26.0240001678
16161,26.0240001678
16162,27.3479995728
16163,27.3479995728
16164,27.3479995728
16165,32.2519989014
16166,38.4199981689
16167,39.1119995117
16168,39.1119995117
16169,39.1119995117
16170,38.1360015869
16171,37.422000885
16172,37.9560012817
16173,37.9560012817
16174,37.9560012817
16175,37.2340011597
16176,30.9780006409
16177,24.3540000916
16191,16.732000351
16192,18.9780006409
16193,20.5760002136
16194,23.017999649
16195,23.017999649
16196,23.017999649
16197,21.986000061
16198,21.781999588
16199,24.5200004578
16200,32.2099990845
16201,38.4199981689
16202,39.1119995117
16203,39.1119995117
16204,39.1119995117
16205,39.1119995117
16206,39.1119995117
16207,35.7700004578
16208,37.2340011597
16209,37.2340011597
16210,37.2340011597
16211,30.9780006409
16212,24.3540000916
19070,23.3180007935
19071,23.3180007935
19072,23.3180007935
19088,23.3180007935
19089,23.3180007935
19090,23.3180007935
19106,23.3180007935
19107,23.3180007935
19108,23.3180007935
19322,23.3180007935
19323,23.3180007935
19324,23.3180007935
19340,23.3180007935
19341,23.3180007935
19342,23.3180007935
19358,23.3180007935
19359,23.3180007935
19360,23.3180007935
19574,23.3180007935
19575,23.3180007935
19576,23.3180007935
19592,23.3180007935
19593,23.3180007935
19594,23.3180007935
19610,23.3180007935
19611,23.3180007935
19612,23.3180007935
20319,27.736000061
20320,27.736000061
20337,28.5839996338
20338,28.5839996338
20354,28.5839996338
20355,28.5839996338
20356,28.5839996338
20372,28.5839996338
20373,28.5839996338
20374,28.5839996338
20483,27.531999588
20484,27.531999588
20485,27.531999588
20486,26.5939998627
20501,25.5440006256
20502,26.5939998627
20503,26.5939998627
20504,26.5939998627
20520,25.5440006256
20521,25.5440006256
20539,25.5440006256
20606,57.1679992676
20624,28.5839996338
20625,28.5839996338
20626,28.5839996338
20736,28.1840000153
20737,28.1840000153
20738,28.1840000153
20756,26.5939998627
20876,28.5839996338
20877,28.5839996338
20987,27.531999588
20988,28.1840000153
20989,28.1840000153
20990,28.1840000153
21005,27.7220001221
21006,27.7220001221
21007,27.7220001221
21008,26.5939998627
21023,30.6140003204
21024,30.6140003204
21025,30.6140003204
21041,33.6380004883
21042,33.6380004883
21043,33.6380004883
21059,33.6380004883
21060,33.6380004883
21061,33.6380004883
21062,33.0979995728
21075,28.3360004425
21076,28.3360004425
21077,33.6380004883
21078,33.6380004883
21079,33.6380004883
21080,33.0979995728
21092,26.813999176
21093,28.3360004425
21094,28.3360004425
21095,28.3360004425
21096,33.0979995728
21097,33.0979995728
21098,33.0979995728
21110,26.813999176
21111,28.3360004425
21112,28.3360004425
21113,28.3360004425
21239,26.8899993896
21240,28.1840000153
21241,28.1840000153
21242,28.1840000153
21257,27.7220001221
21258,27.7220001221
21259,27.7220001221
21260,24.1660003662
21275,33.3040008545
21276,33.3040008545
21277,33.3040008545
21293,33.6380004883
21294,33.6380004883
21295,33.6380004883
21311,33.6380004883
21312,33.6380004883
21313,33.6380004883
21314,33.0979995728
21329,33.6380004883
21330,33.6380004883
21331,33.6380004883
21332,33.0979995728
21348,33.0979995728
21349,33.0979995728
21350,33.0979995728
21491,25.9780006409
21492,25.9780006409
21493,25.9780006409
21494,23.9379997253
21509,25.9780006409
21510,25.9780006409
21511,25.9780006409
21527,33.3040008545
21528,33.3040008545
21529,33.3040008545
21545,33.6380004883
21546,33.6380004883
21547,33.6380004883
21555,24.763999939
21556,24.763999939
21563,33.6380004883
21564,33.6380004883
21565,33.6380004883
21566,33.0979995728
21573,24.763999939
21574,24.763999939
21575,24.763999939
21581,33.6380004883
21582,33.6380004883
21583,33.6380004883
21584,33.0979995728
21591,24.763999939
21592,24.763999939
21600,33.0979995728
21601,33.0979995728
21602,33.0979995728
21609,23.982000351
21610,23.982000351
21634,33.813999176
21635,33.813999176
21636,33.813999176
21745,26.5079994202
21746,26.5079994202
21747,26.5079994202
21779,33.3040008545
21780,33.3040008545
21781,33.3040008545
21797,33.3040008545
21798,33.3040008545
21799,33.3040008545
21807,27.0039997101
21808,27.0039997101
21809,27.0039997101
21815,33.3040008545
21816,33.3040008545
21817,33.3040008545
21818,32.6920013428
21825,27.0039997101
21826,27.0039997101
21827,27.0039997101
21833,32.4739990234
21834,32.6920013428
21835,32.6920013428
21836,32.6920013428
21843,27.0039997101
21844,27.0039997101
21845,27.0039997101
21852,32.6920013428
21853,32.6920013428
21854,32.6920013428
21861,23.982000351
21862,23.982000351
21863,23.982000351
21886,33.813999176
21887,33.813999176
21888,33.813999176
21997,26.5079994202
21998,26.5079994202
21999,26.5079994202
22059,27.0039997101
22060,27.0039997101
22061,27.0039997101
22077,27.0039997101
22078,27.0039997101
22079,27.0039997101
22095,27.0039997101
22096,27.0039997101
22097,27.0039997101
22113,23.982000351
22114,23.982000351
22115,23.982000351
22138,33.813999176
22139,33.813999176
22140,33.813999176
22249,26.5079994202
22250,26.5079994202
22251,26.5079994202
22311,27.0039997101
22312,27.0039997101
22313,27.0039997101
22329,27.0039997101
22330,27.0039997101
22331,27.0039997101
22347,27.0039997101
22348,27.0039997101
22349,27.0039997101
